Apple,iPhone 16 128GB,174,6,12,48,A17 Bionic,"3,600",6.1,799,2024,128
Apple,iPhone 16 256GB,174,6,12,48,A17 Bionic,"3,600",6.1,849,2024,256
Apple,iPhone 16 512GB,174,6,12,48,A17 Bionic,"3,600",6.1,899,2024,512
Apple,iPhone 16 Plus 128GB,203,6,12,48,A17 Bionic,"4,200",6.7,899,2024,128
Apple,iPhone 16 Plus 256GB,203,6,12,48,A17 Bionic,"4,200",6.7,949,2024,256
Apple,iPhone 16 Plus 512GB,203,6,12,48,A17 Bionic,"4,200",6.7,999,2024,512
Apple,iPhone 16 Pro 128GB,206,6,12,50,A17 Pro,"4,400",6.1,999,2024,128
Apple,iPhone 16 Pro 256GB,206,8,12,50,A17 Pro,"4,400",6.1,"1,049",2024,256
Apple,iPhone 16 Pro 512GB,206,8,12,50,A17 Pro,"4,400",6.1,"1,099",2024,512
Apple,iPhone 16 Pro Max 128GB,221,6,12,48,A17 Pro,"4,500",6.7,"1,099",2024,128
Apple,iPhone 16 Pro Max 256GB,221,8,12,48,A17 Pro,"4,500",6.7,"1,199",2024,256
Apple,iPhone 16 Pro Max 512GB,221,8,12,48,A17 Pro,"4,500",6.7,"1,299",2024,512
Apple,iPhone 15 128GB,171,6,12,48,A16 Bionic,"3,200",6.1,799,2023,128
Apple,iPhone 15 256GB,171,6,12,48,A16 Bionic,"3,200",6.1,849,2023,256
Apple,iPhone 15 512GB,171,6,12,48,A16 Bionic,"3,200",6.1,949,2023,512
Apple,iPhone 15 Plus 128GB,203,6,12,48,A16 Bionic,"4,300",6.7,899,2023,128
Apple,iPhone 15 Plus 256GB,203,6,12,48,A16 Bionic,"4,300",6.7,999,2023,256
Apple,iPhone 15 Plus 512GB,203,6,12,48,A16 Bionic,"4,300",6.7,"1,049",2023,512
Apple,iPhone 15 Pro 128GB,206,6,12,48,A16 Bionic,"4,400",6.1,"1,099",2023,128
Apple,iPhone 15 Pro 256GB,206,8,12,48,A16 Bionic,"4,400",6.1,"1,199",2023,256
Apple,iPhone 15 Pro 512GB,206,8,12,48,A16 Bionic,"4,400",6.1,"1,299",2023,512
Apple,iPhone 15 Pro Max 128GB,221,6,12,48,A16 Bionic,"4,500",6.7,"1,199",2023,128
Apple,iPhone 15 Pro Max 256GB,221,8,12,48,A16 Bionic,"4,500",6.7,"1,299",2023,256
Apple,iPhone 15 Pro Max 512GB,221,8,12,48,A16 Bionic,"4,500",6.7,"1,399",2023,512
Apple,iPhone 14 128GB,172,6,12,12,A15 Bionic,"3,200",6.1,799,2022,128
Apple,iPhone 14 256GB,172,6,12,12,A15 Bionic,"3,200",6.1,849,2022,256
Apple,iPhone 14 512GB,172,6,12,12,A15 Bionic,"3,200",6.1,949,2022,512
Apple,iPhone 14 Plus 128GB,203,6,12,12,A15 Bionic,"4,325",6.7,899,2022,128
Apple,iPhone 14 Plus 256GB,203,6,12,12,A15 Bionic,"4,325",6.7,999,2022,256
Apple,iPhone 14 Plus 512GB,203,6,12,12,A15 Bionic,"4,325",6.7,"1,049",2022,512
Apple,iPhone 14 Pro 128GB,206,6,12,48,A16 Bionic,"4,200",6.1,"1,099",2022,128
Apple,iPhone 14 Pro 256GB,206,8,12,48,A16 Bionic,"4,200",6.1,"1,199",2022,256
Apple,iPhone 14 Pro 512GB,206,8,12,48,A16 Bionic,"4,200",6.1,"1,299",2022,512
Apple,iPhone 14 Pro Max 128GB,221,6,12,48,A16 Bionic,"4,500",6.7,"1,199",2022,128
Apple,iPhone 14 Pro Max 256GB,221,8,12,48,A16 Bionic,"4,500",6.7,"1,299",2022,256
Apple,iPhone 14 Pro Max 512GB,221,8,12,48,A16 Bionic,"4,500",6.7,"1,399",2022,512
Apple,iPhone 13 mini 128GB,140,4,12,12,A15 Bionic,"2,438",5.4,699,2021,128
Apple,iPhone 13 mini 256GB,140,4,12,12,A15 Bionic,"2,438",5.4,799,2021,256
Apple,iPhone 13 mini 512GB,140,4,12,12,A15 Bionic,"2,438",5.4,899,2021,512
Apple,iPhone 13 128GB,174,4,12,12,A15 Bionic,"3,240",6.1,799,2021,128
Apple,iPhone 13 256GB,174,4,12,12,A15 Bionic,"3,240",6.1,899,2021,256
Apple,iPhone 13 512GB,174,4,12,12,A15 Bionic,"3,240",6.1,999,2021,512
Apple,iPhone 13 Pro 128GB,204,6,12,12,A15 Bionic,"3,095",6.1,999,2021,128
Apple,iPhone 13 Pro 256GB,204,6,12,12,A15 Bionic,"3,095",6.1,"1,099",2021,256
Apple,iPhone 13 Pro 512GB,204,6,12,12,A15 Bionic,"3,095",6.1,"1,199",2021,512
Apple,iPhone 13 Pro Max 128GB,238,6,12,12,A15 Bionic,"4,352",6.7,"1,099",2021,128
Apple,iPhone 13 Pro Max 256GB,238,6,12,12,A15 Bionic,"4,352",6.7,"1,199",2021,256
Apple,iPhone 13 Pro Max 512GB,238,6,12,12,A15 Bionic,"4,352",6.7,"1,399",2021,512
Apple,iPhone 12 mini 64GB,135,4,12,12,A14 Bionic,"2,227",5.4,699,2020,64
Apple,iPhone 12 mini 128GB,135,4,12,12,A14 Bionic,"2,227",5.4,799,2020,128
Apple,iPhone 12 mini 256GB,135,4,12,12,A14 Bionic,"2,227",5.4,899,2020,256
Apple,iPhone 12 64GB,164,4,12,12,A14 Bionic,"2,815",6.1,799,2020,64
Apple,iPhone 12 128GB,164,4,12,12,A14 Bionic,"2,815",6.1,899,2020,128
Apple,iPhone 12 256GB,164,4,12,12,A14 Bionic,"2,815",6.1,999,2020,256
Apple,iPhone 12 Pro 128GB,189,6,12,12,A14 Bionic,"2,815",6.1,999,2020,128
Apple,iPhone 12 Pro 256GB,189,6,12,12,A14 Bionic,"2,815",6.1,"1,099",2020,256
Apple,iPhone 12 Pro 512GB,189,6,12,12,A14 Bionic,"2,815",6.1,"1,199",2020,512
Apple,iPhone 12 Pro Max 128GB,228,6,12,12,A14 Bionic,"3,687",6.7,"1,099",2020,128
Apple,iPhone 12 Pro Max 256GB,228,6,12,12,A14 Bionic,"3,687",6.7,"1,199",2020,256
Apple,iPhone 12 Pro Max 512GB,228,6,12,12,A14 Bionic,"3,687",6.7,"1,399",2020,512
Apple,iPhone 11 64GB,194,4,12,12,A13 Bionic,"3,110",6.1,699,2019,64
Apple,iPhone 11 128GB,194,4,12,12,A13 Bionic,"3,110",6.1,799,2019,128
Apple,iPhone 11 256GB,194,4,12,12,A13 Bionic,"3,110",6.1,899,2019,256
Apple,iPhone 11 Pro 64GB,188,4,12,12,A13 Bionic,"3,046",5.8,999,2019,64
Apple,iPhone 11 Pro 256GB,188,4,12,12,A13 Bionic,"3,046",5.8,"1,099",2019,256
Apple,iPhone 11 Pro 512GB,188,4,12,12,A13 Bionic,"3,046",5.8,"1,199",2019,512
Apple,iPhone 11 Pro Max 64GB,226,4,12,12,A13 Bionic,"3,969",6.5,"1,099",2019,64
Apple,iPhone 11 Pro Max 256GB,226,4,12,12,A13 Bionic,"3,969",6.5,"1,199",2019,256
Apple,iPhone 11 Pro Max 512GB,226,4,12,12,A13 Bionic,"3,969",6.5,"1,399",2019,512
Apple,iPhone X 64GB,174,3,7,12,A11 Bionic,"2,716",5.8,999,2017,64
Apple,iPhone X 256GB,174,3,7,12,A11 Bionic,"2,716",5.8,"1,099",2017,256
Apple,iPhone XS 64GB,177,4,7,12,A12 Bionic,"2,658",5.8,999,2018,64
Apple,iPhone XS 256GB,177,4,7,12,A12 Bionic,"2,658",5.8,"1,099",2018,256
Apple,iPhone XS 512GB,177,4,7,12,A12 Bionic,"2,658",5.8,"1,299",2018,512
Apple,iPhone XS Max 64GB,208,4,7,12,A12 Bionic,"3,174",6.5,"1,099",2018,64
Apple,iPhone XS Max 256GB,208,4,7,12,A12 Bionic,"3,174",6.5,"1,249",2018,256
Apple,iPhone XS Max 512GB,208,4,7,12,A12 Bionic,"3,174",6.5,"1,399",2018,512
Apple,iPhone XR 64GB,194,3,7,12,A12 Bionic,"2,942",6.1,749,2018,64
Apple,iPhone XR 128GB,194,3,7,12,A12 Bionic,"2,942",6.1,799,2018,128
Apple,iPhone XR 256GB,194,3,7,12,A12 Bionic,"2,942",6.1,899,2018,256
Apple,iPad Air 10.9-inch 64GB,458,4,12,12,A14 Bionic,"7,608",10.9,599,2020,64
Apple,iPad Air 10.9-inch 256GB,458,4,12,12,A14 Bionic,"7,608",10.9,749,2020,256
Apple,iPad 10.2-inch 32GB,490,3,12,8,A13 Bionic,"8,612",10.2,329,2020,32
Apple,iPad 10.2-inch 128GB,490,3,12,8,A13 Bionic,"8,612",10.2,429,2020,128
Apple,iPad Mini 7.9-inch 64GB,300.5,3,7,8,A12 Bionic,"5,124",7.9,399,2019,64
Apple,iPad Mini 7.9-inch 256GB,300.5,3,7,8,A12 Bionic,"5,124",7.9,499,2019,256
Apple,iPad Pro 11-inch 128GB,468,4,7,12,A12Z Bionic,"7,812",11,799,2020,128
Apple,iPad Pro 11-inch 256GB,468,4,7,12,A12Z Bionic,"7,812",11,899,2020,256
Apple,iPad Pro 11-inch 512GB,468,6,7,12,A12Z Bionic,"7,812",11,"1,099",2020,512
Apple,iPad Pro 12.9-inch 128GB,682,6,7,12,A12Z Bionic,"9,720",12.9,999,2020,128
Apple,iPad Pro 12.9-inch 256GB,682,6,7,12,A12Z Bionic,"9,720",12.9,"1,099",2020,256
Apple,iPad Pro 12.9-inch 512GB,682,6,7,12,A12Z Bionic,"9,720",12.9,"1,299",2020,512
Apple,iPad Pro 13-inch 128GB,708,6,7,12,A12Z Bionic,"10,307",13,"1,099",2020,128
Apple,iPad Pro 13-inch 256GB,708,6,7,12,A12Z Bionic,"10,307",13,"1,199",2020,256
Apple,iPad Pro 13-inch 512GB,708,6,7,12,A12Z Bionic,"10,307",13,"1,399",2020,512
Apple,iPad Pro 13-inch 1TB,708,6,7,12,A12Z Bionic,"10,307",13,"1,599",2020,1
Apple,iPad Pro 13-inch 2TB,708,6,7,12,A12Z Bionic,"10,307",13,"1,799",2020,2
Samsung,Galaxy S24 Ultra 128GB,234,12,12,200,Exynos 2400,5000,6.8,"1,199",2024,128
Samsung,Galaxy S24 Ultra 256GB,234,12,12,200,Exynos 2400,5000,6.8,"1,299",2024,256
Samsung,Galaxy S24+ 128GB,196,8,12,50,Exynos 2400,4800,6.6,899,2024,128
Samsung,Galaxy S24+ 256GB,196,8,12,50,Exynos 2400,4800,6.6,999,2024,256
Samsung,Galaxy S24 128GB,168,8,12,50,Exynos 2400,4000,6.1,799,2024,128
Samsung,Galaxy S24 256GB,168,8,12,50,Exynos 2400,4000,6.1,899,2024,256
Samsung,Galaxy S23 Ultra 128GB,228,12,12,200,Snapdragon 8 Gen 2,5000,6.8,"1,199",2023,128
Samsung,Galaxy S23 Ultra 256GB,228,12,12,200,Snapdragon 8 Gen 2,5000,6.8,"1,299",2023,256
Samsung,Galaxy S23+ 128GB,196,8,12,50,Snapdragon 8 Gen 2,4700,6.6,899,2023,128
Samsung,Galaxy S23+ 256GB,196,8,12,50,Snapdragon 8 Gen 2,4700,6.6,999,2023,256
Samsung,Galaxy S23 128GB,168,8,12,50,Snapdragon 8 Gen 2,3900,6.1,799,2023,128
Samsung,Galaxy S23 256GB,168,8,12,50,Snapdragon 8 Gen 2,3900,6.1,899,2023,256
Samsung,Galaxy S22 Ultra 128GB,228,12,10,108,Exynos 2200,5000,6.8,"1,099",2022,128
Samsung,Galaxy S22 Ultra 256GB,228,12,10,108,Exynos 2200,5000,6.8,"1,199",2022,256
Samsung,Galaxy S22+ 128GB,195,8,10,50,Exynos 2200,4500,6.6,799,2022,128
Samsung,Galaxy S22+ 256GB,195,8,10,50,Exynos 2200,4500,6.6,899,2022,256
Samsung,Galaxy S22 128GB,167,8,10,50,Exynos 2200,3800,6.1,699,2022,128
Samsung,Galaxy S22 256GB,167,8,10,50,Exynos 2200,3800,6.1,799,2022,256
Samsung,Galaxy Z Fold 5 256GB,254,12,10,50,Snapdragon 8 Gen 2,4400,7.6,"1,799",2023,256
Samsung,Galaxy Z Fold 5 512GB,254,12,10,50,Snapdragon 8 Gen 2,4400,7.6,"1,899",2023,512
Samsung,Galaxy Z Flip 5 256GB,187,8,12,12,Snapdragon 8 Gen 2,3700,6.7,999,2023,256
Samsung,Galaxy Z Flip 5 512GB,187,8,12,12,Snapdragon 8 Gen 2,3700,6.7,"1,099",2023,512
Samsung,Galaxy Z Fold 4 256GB,263,12,10,50,Snapdragon 8 Gen 1,4400,7.6,"1,799",2022,256
Samsung,Galaxy Z Fold 4 512GB,263,12,10,50,Snapdragon 8 Gen 1,4400,7.6,"1,899",2022,512
Samsung,Galaxy Z Flip 4 256GB,187,8,10,12,Snapdragon 8 Gen 1,3700,6.7,999,2022,256
Samsung,Galaxy Z Flip 4 512GB,187,8,10,12,Snapdragon 8 Gen 1,3700,6.7,"1,099",2022,512
Samsung,Galaxy A54 128GB,189,6,32,50,Exynos 1380,5000,6.4,399,2023,128
Samsung,Galaxy A54 256GB,189,6,32,50,Exynos 1380,5000,6.4,449,2023,256
Samsung,Galaxy A34 128GB,199,6,13,48,MediaTek Dimensity 1080,5000,6.6,349,2023,128
Samsung,Galaxy A34 256GB,199,6,13,48,MediaTek Dimensity 1080,5000,6.6,399,2023,256
Samsung,Galaxy A24 128GB,195,6,13,50,MediaTek Helio G99,5000,6.5,299,2023,128
Samsung,Galaxy A24 256GB,195,6,13,50,MediaTek Helio G99,5000,6.5,349,2023,256
Samsung,Galaxy A14 128GB,190,4,13,50,Exynos 850,5000,6.6,249,2023,128
Samsung,Galaxy A14 256GB,190,4,13,50,Exynos 850,5000,6.6,299,2023,256
Samsung,Galaxy A04 64GB,188,4,5,50,Exynos 850,5000,6.5,199,2022,64
Samsung,Galaxy A04 128GB,188,4,5,50,Exynos 850,5000,6.5,249,2022,128
Samsung,Galaxy M54 128GB,202,8,32,108,Exynos 1380,6000,6.7,349,2023,128
Samsung,Galaxy M54 256GB,202,8,32,108,Exynos 1380,6000,6.7,399,2023,256
Samsung,Galaxy M34 128GB,199,6,13,50,Exynos 1280,6000,6.5,299,2023,128
Samsung,Galaxy M34 256GB,199,6,13,50,Exynos 1280,6000,6.5,349,2023,256
Samsung,Galaxy M14 128GB,202,4,13,50,Exynos 850,6000,6.6,249,2023,128
Samsung,Galaxy M14 256GB,202,4,13,50,Exynos 850,6000,6.6,299,2023,256
Samsung,Galaxy M04 64GB,188,4,5,13,MediaTek Helio P35,5000,6.5,199,2022,64
Samsung,Galaxy M04 128GB,188,4,5,13,MediaTek Helio P35,5000,6.5,249,2022,128
Samsung,Galaxy F54 128GB,199,8,32,108,Exynos 1380,6000,6.7,349,2023,128
Samsung,Galaxy F54 256GB,199,8,32,108,Exynos 1380,6000,6.7,399,2023,256
Samsung,Galaxy F34 128GB,190,6,13,50,Exynos 1280,6000,6.5,299,2023,128
Samsung,Galaxy F34 256GB,190,6,13,50,Exynos 1280,6000,6.5,349,2023,256
Samsung,Galaxy F14 128GB,198,4,13,50,Exynos 850,6000,6.6,249,2023,128
Samsung,Galaxy F14 256GB,198,4,13,50,Exynos 850,6000,6.6,299,2023,256
Samsung,Galaxy Note 20 Ultra 128GB,208,12,10,108,Exynos 990,4500,6.9,"1,299",2020,128
Samsung,Galaxy Note 20 Ultra 256GB,208,12,10,108,Exynos 990,4500,6.9,"1,399",2020,256
Samsung,Galaxy Note 20 128GB,192,8,10,108,Exynos 990,4300,6.7,999,2020,128
Samsung,Galaxy Note 20 256GB,192,8,10,108,Exynos 990,4300,6.7,"1,099",2020,256
Samsung,Galaxy Note 10+ 256GB,196,12,10,12,Exynos 9825,4300,6.8,"1,099",2019,256
Samsung,Galaxy Note 10+ 512GB,196,12,10,12,Exynos 9825,4300,6.8,"1,199",2019,512
Samsung,Galaxy Note 10 256GB,168,8,10,12,Exynos 9825,3500,6.3,949,2019,256
Samsung,Galaxy Note 10 128GB,168,8,10,12,Exynos 9825,3500,6.3,899,2019,128
Samsung,Galaxy Xcover 6 Pro 128GB,235,6,13,50,Exynos 1380,4050,6.6,499,2022,128
Samsung,Galaxy Xcover 5 64GB,172,4,5,16,Exynos 850,3000,5.3,249,2020,64
Samsung,Galaxy J8 64GB,191,4,16,16,Snapdragon 450,3500,6,199,2018,64
Samsung,Galaxy J7 Pro 64GB,181,3,13,13,Exynos 7870,3600,5.5,179,2017,64
Samsung,Galaxy J6+ 64GB,178,4,8,13,Snapdragon 425,3300,6,169,2018,64
Samsung,Galaxy J4 16GB,175,2,5,13,Exynos 7570,3000,5.5,129,2018,16
Samsung,Galaxy C9 Pro 64GB,189,6,16,16,Snapdragon 653,4000,6,399,2016,64
Samsung,Galaxy C7 Pro 64GB,165,4,16,16,Snapdragon 625,3300,5.7,299,2017,64
Samsung,Galaxy C5 32GB,143,4,8,16,Snapdragon 617,2600,5.2,249,2016,32
Samsung,Galaxy W22 5G 256GB,228,12,10,108,Snapdragon 888,4500,7.6,"1,499",2021,256
Samsung,Galaxy W21 5G 256GB,229,12,10,108,Snapdragon 888,4500,7.6,"1,399",2020,256
Samsung,Galaxy Tab S9 Ultra 256GB,732,12,12,13,Snapdragon 8 Gen 2,11200,14.6,"1,199",2023,256
Samsung,Galaxy Tab S9+ 256GB,586,12,12,13,Snapdragon 8 Gen 2,10090,12.4,999,2023,256
Samsung,Galaxy Tab S9 128GB,498,8,12,13,Snapdragon 8 Gen 2,8400,11,799,2023,128
Samsung,Galaxy Tab S9 FE 128GB,523,6,12,8,Exynos 1380,8000,10.9,549,2023,128
Samsung,Galaxy Tab S8 Ultra 256GB,726,12,12,13,Snapdragon 8 Gen 1,11200,14.6,"1,099",2022,256
Samsung,Galaxy Tab S8+ 256GB,567,8,12,13,Snapdragon 8 Gen 1,10090,12.4,899,2022,256
Samsung,Galaxy Tab S8 128GB,503,8,12,13,Snapdragon 8 Gen 1,8000,11,699,2022,128
Samsung,Galaxy Tab A9+ 128GB,480,8,5,8,Snapdragon 695,7040,11,229,2023,128
Samsung,Galaxy Tab A9 64GB,366,4,2,8,MediaTek Helio G99,5100,8.7,179,2023,64
Samsung,Galaxy Tab A8 64GB,508,4,5,8,Unisoc T618,7040,10.5,199,2022,64
Samsung,Galaxy Tab A7 Lite 32GB,366,3,2,8,MediaTek Helio P22T,5100,8.7,149,2021,32
Samsung,Galaxy Tab Active 5 128GB,433,6,5,13,Exynos 1380,5050,8,549,2024,128
Samsung,Galaxy Tab Active 4 Pro 128GB,674,6,8,13,Snapdragon 778G,7600,10.1,649,2022,128
Samsung,Galaxy Tab Active 3 64GB,426,4,5,13,Exynos 9810,5050,8,499,2020,64
Samsung,Galaxy Tab E 10.1 16GB,490,1.5,2,5,Spreadtrum SC8830,5000,10.1,129,2016,16
Samsung,Galaxy Tab E 8.0 16GB,360,1.5,2,5,Qualcomm MSM8916,5000,8,99,2016,16
OnePlus,OnePlus 12 256GB,205,12,32,50,Snapdragon 8 Gen 3,5000,6.7,799,2024,256
OnePlus,OnePlus 12R 256GB,203,12,16,50,Snapdragon 8 Gen 2,4500,6.7,699,2024,256
OnePlus,OnePlus 11 256GB,205,12,16,50,Snapdragon 8 Gen 1,5000,6.7,699,2023,256
OnePlus,OnePlus 11R 256GB,202,12,16,50,Snapdragon 8 Gen 1,5000,6.7,599,2023,256
OnePlus,OnePlus Nord 3 256GB,190,12,16,50,MediaTek Dimensity 9000,5000,6.74,499,2023,256
OnePlus,OnePlus Nord CE 3 128GB,179,8,16,50,Snapdragon 782G,5000,6.72,399,2023,128
OnePlus,OnePlus Nord CE 3 Lite 128GB,195,8,16,108,Snapdragon 695,5000,6.72,299,2023,128
OnePlus,OnePlus Nord N30 5G 128GB,192,8,16,64,MediaTek Dimensity 6020,5000,6.72,249,2023,128
OnePlus,OnePlus Open 256GB,238,16,32,48,Snapdragon 8 Gen 2,4800,7.8,"1,099",2024,256
OnePlus,OnePlus 10 Pro 256GB,200,12,32,50,Snapdragon 8 Gen 1,5000,6.7,899,2022,256
OnePlus,OnePlus 10T 256GB,203,12,16,50,Snapdragon 8+ Gen 1,4500,6.7,749,2022,256
OnePlus,OnePlus 9 Pro 256GB,192,12,16,48,Snapdragon 888,4500,6.7,699,2021,256
OnePlus,OnePlus 9 128GB,183,8,16,48,Snapdragon 888,4500,6.55,599,2021,128
OnePlus,OnePlus 11 Pro 256GB,204,16,32,50,Snapdragon 8 Gen 2,5000,6.7,899,2023,256
OnePlus,OnePlus Nord 2T 128GB,190,8,32,50,MediaTek Dimensity 1300,4500,6.43,399,2022,128
OnePlus,OnePlus Nord 2 128GB,190,8,32,50,MediaTek Dimensity 1200-AI,4500,6.43,349,2021,128
OnePlus,OnePlus Nord N200 64GB,189,4,16,13,Snapdragon 480,5000,6.49,199,2021,64
OnePlus,OnePlus Nord N100 64GB,185,4,8,13,Qualcomm Snapdragon 460,5000,6.52,179,2020,64
OnePlus,OnePlus 8T Cyberpunk 2077 Edition 256GB,188,12,16,48,Snapdragon 865,4500,6.55,749,2020,256
OnePlus,OnePlus 9T 128GB,192,8,16,48,Snapdragon 888,4500,6.55,649,2021,128
OnePlus,OnePlus 8T 256GB,188,12,16,48,Snapdragon 865,4500,6.55,599,2020,256
OnePlus,OnePlus 10T 5G 256GB,203,12,16,50,Snapdragon 8+ Gen 1,4500,6.7,749,2022,256
OnePlus,OnePlus 9R 5G 128GB,189,8,16,48,Snapdragon 870,4500,6.55,599,2021,128
OnePlus,OnePlus 8 Pro 256GB,199,12,16,48,Snapdragon 865,4510,6.78,749,2020,256
OnePlus,OnePlus 8 128GB,180,8,16,48,Snapdragon 865,4300,6.55,699,2020,128
OnePlus,OnePlus Nord CE 2 Lite 128GB,195,6,16,64,MediaTek Dimensity 900,5000,6.59,249,2022,128
OnePlus,OnePlus Nord CE 2 128GB,173,8,16,64,MediaTek Dimensity 1200,4500,6.43,299,2022,128
OnePlus,OnePlus Nord 1 128GB,184,6,16,48,Snapdragon 765G,4115,6.44,349,2020,128
OnePlus,OnePlus Nord CE 5G 128GB,170,6,16,64,Snapdragon 750G,4500,6.43,299,2021,128
OnePlus,OnePlus Nord 2 5G 128GB,189,8,32,50,MediaTek Dimensity 1200-AI,4500,6.43,399,2021,128
OnePlus,OnePlus Nord N100 5G 64GB,185,4,8,13,Qualcomm Snapdragon 460,5000,6.52,179,2020,64
OnePlus,OnePlus Nord N10 5G 128GB,190,6,16,64,Qualcomm Snapdragon 690,4300,6.49,299,2020,128
OnePlus,OnePlus 8R 128GB,192,8,16,48,Snapdragon 865,4300,6.55,649,2020,128
OnePlus,OnePlus 7R 128GB,190,6,16,48,Snapdragon 855,3700,6.41,599,2020,128
OnePlus,OnePlus 6T McLaren Edition 256GB,185,10,16,20,Snapdragon 845,3700,6.41,799,2018,256
OnePlus,OnePlus 5T Star Wars Edition 128GB,162,6,16,16,Snapdragon 835,3300,6.01,649,2017,128
OnePlus,OnePlus 13R 128GB,210,8,16,50,Snapdragon 8 Gen 2,4500,6.7,849,2023,128
OnePlus,OnePlus 11T 128GB,202,12,32,50,Snapdragon 8 Gen 2,5000,6.7,799,2023,128
OnePlus,OnePlus 10R 128GB,205,8,16,50,MediaTek Dimensity 8100,4500,6.7,599,2022,128
OnePlus,OnePlus 7 Pro 5G 256GB,206,12,16,48,Snapdragon 855,4000,6.67,799,2019,256
OnePlus,OnePlus 6 Special Edition 128GB,177,6,16,20,Snapdragon 845,3300,6.28,599,2018,128
OnePlus,OnePlus 5 Special Edition 128GB,155,8,16,20,Snapdragon 835,3300,5.5,599,2017,128
OnePlus,OnePlus Nord X 128GB,190,8,32,64,Snapdragon 765G,4000,6.44,299,2020,128
OnePlus,OnePlus 8 Pro McLaren Edition 256GB,199,12,16,48,Snapdragon 865,4510,6.78,899,2020,256
OnePlus,OnePlus 8T Cyberpunk Edition 256GB,188,12,16,48,Snapdragon 865,4500,6.55,799,2020,256
OnePlus,OnePlus 7T Pro 5G McLaren Edition 256GB,206,12,16,48,Snapdragon 855,4085,6.67,899,2019,256
OnePlus,OnePlus 15R 128GB,210,12,32,50,Snapdragon 8 Gen 3,5000,6.7,849,2023,128
OnePlus,OnePlus 14+ 128GB,202,8,16,64,Snapdragon 8 Gen 2,4800,6.55,799,2023,128
OnePlus,OnePlus 13 Pro 256GB,215,12,32,50,Snapdragon 8 Gen 2,5000,6.7,899,2023,256
OnePlus,OnePlus 12T 5G 256GB,200,12,16,50,Snapdragon 8 Gen 2,5000,6.7,849,2023,256
OnePlus,OnePlus Pad,550,8,8,13,MediaTek Dimensity 9000,9510,11.61,499,2023,0
OnePlus,OnePlus Pad 2,550,8,8,13,MediaTek Dimensity 9000,9510,11.61,549,2024,0
OnePlus,OnePlus Pad Pro,610,12,16,50,Snapdragon 8 Gen 3,11000,12.4,799,2024,0
Vivo,X200 128GB,223,12,32,50,Dimensity 9400,6000,6.78,999,2024,128
Vivo,X200 256GB,223,12,32,50,Dimensity 9400,6000,6.78,"1,099",2024,256
Vivo,X200 Pro 256GB,223,16,32,200,Dimensity 9400,6000,6.78,"1,199",2024,256
Vivo,X200 Pro 512GB,223,16,32,200,Dimensity 9400,6000,6.78,"1,299",2024,512
Vivo,X200 Pro Mini 256GB,187,16,32,50,Dimensity 9400,5700,6.31,949,2024,256
Vivo,V40e 128GB,179,8,44,64,Snapdragon 778G,4100,6.44,449,2024,128
Vivo,Y200 GT 128GB,190,12,16,64,Dimensity 1200,5000,6.58,399,2024,128
Vivo,T3 5G 128GB,180,8,16,50,Snapdragon 870,5000,6.67,349,2024,128
Vivo,Y100 5G 128GB,181,8,16,64,Dimensity 900,4500,6.38,299,2024,128
Vivo,S18 Pro 256GB,189,12,32,108,Snapdragon 8 Gen 2,4700,6.56,599,2024,256
Vivo,V30 Pro 128GB,192,12,32,64,Dimensity 1100,4500,6.44,549,2024,128
Vivo,iQOO 12 256GB,210,16,16,50,Snapdragon 8 Gen 3,5000,6.78,699,2024,256
Vivo,Z3 64GB,162,6,12,16,Snapdragon 710,3315,6.3,249,2018,64
Vivo,V9 64GB,150,4,24,16,Snapdragon 626,3260,6.3,219,2018,64
Vivo,X9 Plus 128GB,199,6,20,16,Snapdragon 653,4000,5.88,299,2017,128
Vivo,Y81 32GB,146,3,5,13,MediaTek Helio P22,3260,6.22,149,2018,32
Vivo,X5Max 16GB,146,2,5,13,Snapdragon 615,2300,5.5,199,2014,16
Vivo,V5 Plus 64GB,158,4,20,16,Snapdragon 625,3055,5.5,249,2017,64
Vivo,Y95 64GB,163,4,20,13,Snapdragon 439,4030,6.22,199,2018,64
Vivo,V3 Max 32GB,168,4,8,13,Snapdragon 652,3000,5.5,179,2016,32
Vivo,X3S 16GB,153,1,5,13,MediaTek MT6592,2000,5,139,2014,16
Vivo,Y66 32GB,155,3,16,13,Snapdragon 430,3000,5.5,179,2017,32
Vivo,V19 128GB,176,8,32,48,Qualcomm Snapdragon 712,4500,6.44,399,2020,128
Vivo,V19 256GB,176,8,32,48,Qualcomm Snapdragon 712,4500,6.44,429,2020,256
Vivo,V17 Pro 128GB,201,8,32,48,Qualcomm Snapdragon 675,4100,6.44,399,2019,128
Vivo,V17 Pro 256GB,201,8,32,48,Qualcomm Snapdragon 675,4100,6.44,429,2019,256
Vivo,Y12s 64GB,191,3,8,13,MediaTek Helio P35,5000,6.51,159,2020,64
Vivo,Y12s 128GB,191,4,8,13,MediaTek Helio P35,5000,6.51,179,2020,128
Vivo,S1 Pro 128GB,185,6,32,48,MediaTek Helio P65,4500,6.38,249,2019,128
Vivo,S1 Pro 256GB,185,6,32,48,MediaTek Helio P65,4500,6.38,269,2019,256
Vivo,Y11 32GB,190,3,8,13,Qualcomm Snapdragon 439,5000,6.35,149,2019,32
Vivo,Y11 64GB,190,3,8,13,Qualcomm Snapdragon 439,5000,6.35,169,2019,64
Vivo,V15 128GB,190,6,32,48,MediaTek Helio P70,4000,6.53,299,2019,128
Vivo,V15 256GB,190,6,32,48,MediaTek Helio P70,4000,6.53,319,2019,256
Vivo,X27 Pro 128GB,190,8,32,48,Qualcomm Snapdragon 710,4000,6.39,499,2019,128
Vivo,X27 Pro 256GB,190,8,32,48,Qualcomm Snapdragon 710,4000,6.39,549,2019,256
Vivo,Y30 128GB,193,4,8,13,MediaTek Helio P35,5000,6.47,199,2020,128
Vivo,Y30 64GB,193,3,8,13,MediaTek Helio P35,5000,6.47,169,2020,64
Vivo,Z1 Pro 64GB,159,4,16,16,Qualcomm Snapdragon 712,4500,6.53,249,2019,64
Vivo,Z1 Pro 128GB,159,6,16,16,Qualcomm Snapdragon 712,4500,6.53,299,2019,128
Vivo,X21 128GB,156,6,12,12,Qualcomm Snapdragon 660,3200,6.28,349,2018,128
Vivo,X21 64GB,156,4,12,12,Qualcomm Snapdragon 660,3200,6.28,299,2018,64
Vivo,V23e 128GB,172,8,50,64,MediaTek Helio G96,4050,6.44,299,2021,128
Vivo,V23e 256GB,172,8,50,64,MediaTek Helio G96,4050,6.44,349,2021,256
Vivo,Y33s 128GB,182,8,16,50,MediaTek Helio G80,5000,6.58,239,2021,128
Vivo,Y33s 64GB,182,4,16,50,MediaTek Helio G80,5000,6.58,179,2021,64
Vivo,X60 Pro 256GB,190,12,32,48,Qualcomm Snapdragon 870,4200,6.56,899,2021,256
Vivo,X60 Pro 512GB,190,12,32,48,Qualcomm Snapdragon 870,4200,6.56,999,2021,512
Vivo,V20 Pro 128GB,173,8,44,64,Qualcomm Snapdragon 765G,4000,6.44,499,2020,128
Vivo,V20 Pro 256GB,173,8,44,64,Qualcomm Snapdragon 765G,4000,6.44,549,2020,256
Vivo,Y75 5G 128GB,179,8,16,50,MediaTek Dimensity 700,5000,6.58,349,2021,128
Vivo,Y75 5G 256GB,179,8,16,50,MediaTek Dimensity 700,5000,6.58,399,2021,256
Vivo,Y53s 128GB,190,6,16,64,MediaTek Helio G80,5000,6.58,229,2021,128
Vivo,Y53s 64GB,190,6,16,64,MediaTek Helio G80,5000,6.58,179,2021,64
Vivo,V15 Pro 128GB,185,6,32,48,Qualcomm Snapdragon 675,3700,6.39,399,2019,128
Vivo,V15 Pro 256GB,185,6,32,48,Qualcomm Snapdragon 675,3700,6.39,449,2019,256
Vivo,X70 Pro 128GB,185,8,32,50,MediaTek Dimensity 1200,4450,6.56,749,2021,128
Vivo,X70 Pro 256GB,185,8,32,50,MediaTek Dimensity 1200,4450,6.56,799,2021,256
Vivo,T1 5G 128GB,181,6,16,50,Qualcomm Snapdragon 695,5000,6.58,269,2022,128
Vivo,T1 5G 256GB,181,8,16,50,Qualcomm Snapdragon 695,5000,6.58,319,2022,256
Vivo,X30 Pro 128GB,199,8,32,64,Qualcomm Snapdragon 855,4200,6.44,899,2019,128
Vivo,X30 Pro 256GB,199,8,32,64,Qualcomm Snapdragon 855,4200,6.44,949,2019,256
Vivo,V27 128GB,182,8,50,50,MediaTek Dimensity 8200,4600,6.78,599,2023,128
Vivo,V27 256GB,182,8,50,50,MediaTek Dimensity 8200,4600,6.78,649,2023,256
Vivo,V27 Pro 128GB,182,8,50,50,MediaTek Dimensity 8200,4600,6.78,699,2023,128
Vivo,V27 Pro 256GB,182,8,50,50,MediaTek Dimensity 8200,4600,6.78,749,2023,256
Vivo,V25 Pro 128GB,190,8,32,64,MediaTek Dimensity 1300,4830,6.56,599,2022,128
Vivo,V25 Pro 256GB,190,8,32,64,MediaTek Dimensity 1300,4830,6.56,649,2022,256
Vivo,X90 Pro 256GB,221,12,32,50,MediaTek Dimensity 9200,4870,6.78,"1,099",2022,256
Vivo,X90 Pro 512GB,221,12,32,50,MediaTek Dimensity 9200,4870,6.78,"1,199",2022,512
Vivo,Y100 128GB,190,8,16,64,MediaTek Dimensity 900,4500,6.44,399,2023,128
Vivo,Y100 256GB,190,8,16,64,MediaTek Dimensity 900,4500,6.44,449,2023,256
Vivo,T2 Series 128GB,190,8,16,64,Qualcomm Snapdragon 695,4500,6.44,299,2023,128
Vivo,T2 Series 256GB,190,8,16,64,Qualcomm Snapdragon 695,4500,6.44,349,2023,256
Vivo,V23 5G 128GB,179,8,50,64,MediaTek Dimensity 920,4200,6.44,499,2022,128
Vivo,V23 5G 256GB,179,8,50,64,MediaTek Dimensity 920,4200,6.44,549,2022,256
Vivo,X80 256GB,206,12,32,50,MediaTek Dimensity 9000,4700,6.78,899,2022,256
Vivo,X80 512GB,206,12,32,50,MediaTek Dimensity 9000,4700,6.78,999,2022,512
Vivo,Y21 128GB,182,4,8,13,MediaTek Helio P35,5000,6.51,199,2021,128
Vivo,Y21 64GB,182,4,8,13,MediaTek Helio P35,5000,6.51,179,2021,64
Vivo,Pad 128GB,498,6,8,13,Snapdragon 870,8040,11,329,2022,128
Vivo,Pad 2 256GB,535,8,8,50,MediaTek Dimensity 1200,8040,11,399,2023,256
Vivo,Pad Air 128GB,510,6,8,13,Snapdragon 870,8040,10.4,279,2023,128
Vivo,Pad 3 128GB,500,6,8,13,Snapdragon 750G,8040,11,349,2023,128
Vivo,Pad 3 Pro 256GB,550,8,8,50,Snapdragon 888,8040,12.3,449,2023,256
Vivo,Pad 4 Pro 256GB,560,8,8,50,MediaTek Dimensity 9000,8040,12.9,499,2024,256
iQOO,Pad 128GB,520,6,8,13,Snapdragon 870,8040,11,349,2023,128
iQOO,Pad 2 256GB,540,8,8,50,Snapdragon 888,8040,12.3,399,2024,256
iQOO,Pad 2 Pro 256GB,555,8,8,50,Snapdragon 8 Gen 1,8040,12.3,449,2024,256
Oppo,Find N3 512GB,239,12,32,48,Snapdragon 8 Gen 2,4805,7.82,"1,399",2023,512
Oppo,Find N3 Flip 256GB,198,12,32,50,MediaTek Dimensity 9200,4300,6.8,999,2023,256
Oppo,Find X8 Pro 256GB,210,12,32,50,Snapdragon 8 Gen 2,5000,6.8,"1,299",2024,256
Oppo,Find X8 256GB,195,8,32,50,Snapdragon 8 Gen 2,4800,6.7,"1,099",2024,256
Oppo,Reno13 F 4G 256GB,192,8,32,50,MediaTek Helio G100,5800,6.67,499,2025,256
Oppo,Reno13 F 256GB,192,8,32,50,MediaTek Helio G100,5800,6.67,499,2025,256
Oppo,Reno13 Pro 512GB,210,12,50,50,MediaTek Dimensity 8350,5800,6.83,799,2025,512
Oppo,Reno13 256GB,200,12,50,50,MediaTek Dimensity 8350,5600,6.59,699,2025,256
Oppo,Reno12 F 4G 256GB,187,8,32,50,Snapdragon 685,5000,6.7,449,2024,256
Oppo,Reno12 F 256GB,187,8,32,50,Snapdragon 685,5000,6.7,449,2024,256
Oppo,Reno12 Pro 512GB,190,12,32,50,MediaTek Dimensity 8200,4600,6.74,749,2024,512
Oppo,Reno12 256GB,185,8,32,50,MediaTek Dimensity 7050,5000,6.7,599,2024,256
Oppo,Reno11 F 256GB,185,8,32,64,MediaTek Dimensity 7050,5000,6.7,499,2024,256
Oppo,Reno11 Pro 512GB,190,12,32,50,MediaTek Dimensity 8200,4600,6.74,699,2024,512
Oppo,A5 Pro 256GB,180,8,16,50,Dimensity 7300,6000,6.7,599,2024,256
Oppo,A5 Pro 512GB,186,12,16,50,Dimensity 7300,6000,6.7,699,2024,512
Oppo,A80 256GB,186,8,8,50,Dimensity 6300,5100,6.67,499,2024,256
Oppo,A3 4G 128GB,186,4,5,50,Snapdragon 6s 4G Gen 1,5000,6.7,399,2024,128
Oppo,A3x 4G 128GB,186,4,8,8,Snapdragon 6s 4G Gen 1,5100,6.67,449,2024,128
Oppo,A3x 4G 256GB,186,6,8,8,Snapdragon 6s 4G Gen 1,5100,6.67,499,2024,256
Oppo,A3x 128GB,186,4,8,8,Snapdragon 6s 4G Gen 1,5100,6.67,449,2024,128
Oppo,A3x 256GB,186,6,8,8,Snapdragon 6s 4G Gen 1,5100,6.67,499,2024,256
Oppo,A3 128GB,186,4,5,50,Snapdragon 6s 4G Gen 1,5000,6.7,399,2024,128
Oppo,A60 128GB,186,8,8,50,Snapdragon 680 4G,5000,6.67,449,2024,128
Oppo,A60 256GB,186,8,8,50,Snapdragon 680 4G,5000,6.67,499,2024,256
Oppo,K12 Plus 256GB,192,8,16,50,Snapdragon 7 Gen 3,6400,6.7,699,2024,256
Oppo,K12 Plus 512GB,192,12,16,50,Snapdragon 7 Gen 3,6400,6.7,799,2024,512
Oppo,F27 128GB,175,8,32,64,Dimensity 7050,5000,6.7,499,2024,128
Oppo,F27 256GB,175,8,32,64,Dimensity 7050,5000,6.7,549,2024,256
Oppo,F27 Pro+ 256GB,177,8,32,64,Dimensity 7050,5000,6.7,599,2024,256
Oppo,F27 Pro+ 512GB,177,12,32,64,Dimensity 7050,5000,6.7,699,2024,512
Oppo,F25 Pro 128GB,173,8,32,64,Snapdragon 778G,4500,6.55,549,2023,128
Oppo,F25 Pro 256GB,173,8,32,64,Snapdragon 778G,4500,6.55,599,2023,256
Oppo,Pad 3 128GB,533,8,8,13,Dimensity 8350,9510,11.6,699,2024,128
Oppo,Pad 3 256GB,533,12,8,13,Dimensity 8350,9510,11.6,799,2024,256
Oppo,Pad 3 Pro 256GB,586,12,8,13,Snapdragon 8 Gen 3,9510,12.1,899,2024,256
Oppo,Pad 3 Pro 512GB,586,16,8,13,Snapdragon 8 Gen 3,9510,12.1,999,2024,512
Oppo,Pad Neo 128GB,520,6,8,13,Snapdragon 870,8360,11,499,2023,128
Oppo,Pad Neo 256GB,520,8,8,13,Snapdragon 870,8360,11,599,2023,256
Oppo,Find X7 Ultra 256GB,221,12,32,50,Snapdragon 8 Gen 3,5000,6.82,"1,199",2024,256
Oppo,Find X7 Ultra 512GB,221,16,32,50,Snapdragon 8 Gen 3,5000,6.82,"1,299",2024,512
Oppo,Find X7 256GB,206,12,32,50,Dimensity 9300,5000,6.78,"1,099",2024,256
Oppo,Find X7 512GB,206,16,32,50,Dimensity 9300,5000,6.78,"1,199",2024,512
Oppo,Find X6 Pro 256GB,218,12,32,50,Snapdragon 8 Gen 2,5000,6.82,999,2023,256
Oppo,Find X6 Pro 512GB,218,16,32,50,Snapdragon 8 Gen 2,5000,6.82,"1,099",2023,512
Oppo,Find X6 256GB,207,12,32,50,Dimensity 9200,4800,6.74,899,2023,256
Oppo,Find X6 512GB,207,16,32,50,Dimensity 9200,4800,6.74,999,2023,512
Oppo,Find X5 Pro 256GB,218,12,32,50,Snapdragon 8 Gen 1,5000,6.7,899,2022,256
Oppo,Find X5 Pro 512GB,218,16,32,50,Snapdragon 8 Gen 1,5000,6.7,999,2022,512
Oppo,Find X5 256GB,196,8,32,50,Snapdragon 888,4800,6.55,799,2022,256
Oppo,Find N2 Flip 256GB,191,8,32,50,Dimensity 9000+,4300,6.8,899,2023,256
Oppo,Find N2 Flip 512GB,191,12,32,50,Dimensity 9000+,4300,6.8,999,2023,512
Oppo,Find N2 256GB,233,12,32,50,Snapdragon 8+ Gen 1,4520,7.1,"1,099",2022,256
Oppo,Reno10 5G 128GB,180,8,32,64,Dimensity 7050,"5,000",6.7,499,2023,128
Oppo,Reno10 5G 256GB,180,8,32,64,Dimensity 7050,"5,000",6.7,549,2023,256
Oppo,Reno10 Pro 5G 256GB,186,12,32,50,Snapdragon 778G,"4,600",6.7,599,2023,256
Oppo,Reno10 Pro+ 5G 256GB,194,16,32,50,Snapdragon 8+ Gen 1,"4,700",6.74,699,2023,256
Oppo,Reno9 5G 128GB,174,8,32,64,Snapdragon 778G,"4,500",6.7,449,2022,128
Oppo,Reno9 5G 256GB,174,12,32,64,Snapdragon 778G,"4,500",6.7,499,2022,256
Oppo,Reno9 Pro 5G 256GB,184,16,32,50,Dimensity 8100,"4,500",6.7,599,2022,256
Oppo,Reno9 Pro+ 5G 256GB,192,16,32,50,Snapdragon 8+ Gen 1,"4,700",6.7,649,2022,256
Oppo,Reno8 5G 128GB,179,8,32,50,Dimensity 1300,"4,500",6.4,399,2022,128
Oppo,Reno8 5G 256GB,179,12,32,50,Dimensity 1300,"4,500",6.4,449,2022,256
Oppo,Reno8 Pro 5G 256GB,183,12,32,50,Dimensity 8100,"4,500",6.7,549,2022,256
Oppo,Reno8 Pro+ 5G 256GB,195,12,32,50,Dimensity 8100,"4,500",6.7,599,2022,256
Oppo,Reno7 5G 128GB,173,8,32,64,Dimensity 900,"4,500",6.4,349,2021,128
Oppo,Reno7 5G 256GB,173,12,32,64,Dimensity 900,"4,500",6.4,399,2021,256
Oppo,Reno7 Pro 5G 256GB,180,12,32,50,Dimensity 1200,"4,500",6.55,499,2021,256
Oppo,Reno6 5G 128GB,182,8,32,64,Dimensity 900,"4,300",6.43,349,2021,128
Oppo,Reno6 5G 256GB,182,12,32,64,Dimensity 900,"4,300",6.43,399,2021,256
Oppo,Reno6 Pro 5G 128GB,177,8,32,64,Dimensity 1200,"4,500",6.55,449,2021,128
Oppo,Reno6 Pro 5G 256GB,177,12,32,64,Dimensity 1200,"4,500",6.55,499,2021,256
Oppo,Reno6 Pro+ 5G 256GB,188,12,32,50,Snapdragon 870,"4,500",6.55,599,2021,256
Oppo,Reno5 5G 128GB,180,8,32,64,Snapdragon 765G,"4,300",6.43,299,2020,128
Oppo,Reno5 5G 256GB,180,12,32,64,Snapdragon 765G,"4,300",6.43,349,2020,256
Oppo,Reno5 Pro 5G 128GB,173,8,32,64,Dimensity 1000+,"4,350",6.55,399,2020,128
Oppo,Reno5 Pro 5G 256GB,173,12,32,64,Dimensity 1000+,"4,350",6.55,449,2020,256
Oppo,Reno5 Pro+ 5G 256GB,184,12,32,50,Snapdragon 865,"4,500",6.55,599,2020,256
Oppo,Reno4 5G 128GB,183,8,32,48,Snapdragon 765G,"4,000",6.43,299,2020,128
Oppo,Reno4 5G 256GB,183,8,32,48,Snapdragon 765G,"4,000",6.43,349,2020,256
Oppo,Reno4 Pro 5G 256GB,172,12,32,48,Snapdragon 765G,"4,000",6.55,499,2020,256
Oppo,Reno3 5G 128GB,181,8,32,64,Dimensity 1000L,"4,025",6.4,249,2019,128
Oppo,Reno3 5G 256GB,181,12,32,64,Dimensity 1000L,"4,025",6.4,299,2019,256
Oppo,Reno3 Pro 5G 256GB,171,12,32,48,Snapdragon 765G,"4,025",6.5,499,2019,256
Oppo,A59 5G 128GB,186,6,8,13,MediaTek Dimensity 6020,"5,000",6.56,199,2023,128
Oppo,A59 5G 256GB,186,8,8,13,MediaTek Dimensity 6020,"5,000",6.56,229,2023,256
Oppo,A58 5G 256GB,188,8,8,50,MediaTek Dimensity 700,"5,000",6.56,249,2022,256
Oppo,A57 5G 128GB,186,6,8,13,MediaTek Dimensity 810,"5,000",6.56,219,2022,128
Oppo,A56 5G 128GB,189,6,8,13,MediaTek Dimensity 700,"5,000",6.5,199,2021,128
Oppo,A55 5G 128GB,186,6,8,13,MediaTek Dimensity 700,"5,000",6.5,189,2021,128
Oppo,A54 5G 128GB,190,6,16,48,Qualcomm Snapdragon 480,"5,000",6.5,219,2021,128
Oppo,A53 5G 128GB,175,4,8,16,MediaTek Dimensity 720,"4,040",6.5,179,2020,128
Oppo,A52 5G 128GB,184,4,8,12,MediaTek Dimensity 720,"4,000",6.5,169,2020,128
Oppo,A51 5G 128GB,186,4,8,13,MediaTek Dimensity 700,"4,000",6.5,149,2020,128
Oppo,A50 5G 128GB,185,4,8,13,MediaTek Dimensity 700,"4,000",6.5,139,2020,128
Oppo,A49 5G 128GB,185,4,8,13,MediaTek Dimensity 700,"4,000",6.5,129,2020,128
Oppo,A40 128GB,186,4,5,50,Qualcomm Snapdragon 6s Gen 1,"5,100",6.67,199,2024,128
Oppo,A40 256GB,186,6,5,50,Qualcomm Snapdragon 6s Gen 1,"5,100",6.67,229,2024,256
Oppo,K11x 256GB,195,12,16,108,Qualcomm Snapdragon 695,"5,000",6.72,229,2023,256
Oppo,K10x 256GB,195,8,16,64,Qualcomm Snapdragon 695,"5,000",6.59,229,2022,256
Oppo,K10 5G 128GB,205,8,16,64,MediaTek Dimensity 8000-Max,"5,000",6.59,249,2022,128
Oppo,K9x 256GB,194,8,16,64,MediaTek Dimensity 810,"5,000",6.5,229,2021,256
Oppo,K9 Pro 5G 256GB,180,12,16,64,MediaTek Dimensity 1200,"4,500",6.43,329,2021,256
Oppo,K9 5G 256GB,172,8,32,64,Qualcomm Snapdragon 768G,"4,300",6.43,299,2021,256
Oppo,K7x 128GB,194,6,16,48,MediaTek Dimensity 720,"5,000",6.5,199,2020,128
Oppo,K7 5G 128GB,180,8,32,48,Qualcomm Snapdragon 765G,"4,025",6.4,279,2020,128
Oppo,K7 5G 256GB,180,8,32,48,Qualcomm Snapdragon 765G,"4,025",6.4,299,2020,256
Oppo,K11x 128GB,195,8,16,108,Qualcomm Snapdragon 695,"5,000",6.72,199,2023,128
Oppo,K11 128GB,184,8,16,64,Qualcomm Snapdragon 782G,"5,000",6.7,259,2023,128
Oppo,K11 256GB,184,12,16,64,Qualcomm Snapdragon 782G,"5,000",6.7,299,2023,256
Oppo,K10x 128GB,195,6,16,64,Qualcomm Snapdragon 695,"5,000",6.59,199,2022,128
Oppo,K10 5G 256GB,205,12,16,64,MediaTek Dimensity 8000-Max,"5,000",6.59,279,2022,256
Oppo,K9x 128GB,194,6,16,64,MediaTek Dimensity 810,"5,000",6.5,199,2021,128
Oppo,K9 Pro 5G 128GB,180,8,16,64,MediaTek Dimensity 1200,"4,500",6.43,299,2021,128
Oppo,K9 5G 128GB,172,8,32,64,Qualcomm Snapdragon 768G,"4,300",6.43,279,2021,128
Realme,GT 7 Pro 128GB,222.8,12,16,50,Qualcomm Snapdragon 8 Elite,"6,500",6.78,470,2024,128
Realme,GT 7 Pro 256GB,222.8,16,16,50,Qualcomm Snapdragon 8 Elite,"6,500",6.78,500,2024,256
Realme,GT 6 128GB,191,8,32,50,Qualcomm Snapdragon 8s Gen 3,"5,500",6.78,380,2023,128
Realme,GT 6 256GB,191,12,32,50,Qualcomm Snapdragon 8s Gen 3,"5,500",6.78,400,2023,256
Realme,GT 6 512GB,191,16,32,50,Qualcomm Snapdragon 8s Gen 3,"5,500",6.78,420,2023,512
Realme,GT 6T 128GB,191,8,32,50,Qualcomm Snapdragon 7 Plus Gen 3,"5,500",6.78,360,2023,128
Realme,GT 6T 256GB,191,8,32,50,Qualcomm Snapdragon 7 Plus Gen 3,"5,500",6.78,380,2023,256
Realme,14 Pro+ 5G 256GB,184,12,16,50,Qualcomm Snapdragon 7s Gen 3,"6,000",6.83,340,2025,256
Realme,14 Pro+ 5G 512GB,184,12,16,50,Qualcomm Snapdragon 7s Gen 3,"6,000",6.83,360,2025,512
Realme,14 Pro 5G 128GB,184,8,16,50,MediaTek Dimensity 7300 Energy,"5,800",6.7,320,2025,128
Realme,14 Pro 5G 256GB,184,8,16,50,MediaTek Dimensity 7300 Energy,"5,800",6.7,340,2025,256
Realme,14x 5G 128GB,190,6,16,48,Qualcomm Snapdragon 7s Gen 2,"5,500",6.6,270,2025,128
Realme,14x 5G 256GB,190,8,16,48,Qualcomm Snapdragon 7s Gen 2,"5,500",6.6,290,2025,256
Realme,13+ 5G 128GB,185,8,16,50,MediaTek Dimensity 7200,"5,000",6.5,250,2024,128
Realme,13+ 5G 256GB,185,8,16,50,MediaTek Dimensity 7200,"5,000",6.5,270,2024,256
Realme,13 5G 128GB,190,6,16,50,MediaTek Dimensity 6100+,"5,000",6.6,220,2024,128
Realme,13 5G 256GB,190,8,16,50,MediaTek Dimensity 6100+,"5,000",6.6,240,2024,256
Realme,13 Pro 5G 128GB,192,8,16,50,Qualcomm Snapdragon 7s Gen 2,"5,200",6.7,300,2024,128
Realme,13 Pro 5G 256GB,192,12,16,50,Qualcomm Snapdragon 7s Gen 2,"5,200",6.7,320,2024,256
Realme,13 Pro+ 5G 256GB,195,12,32,50,Qualcomm Snapdragon 7+ Gen 2,"5,500",6.78,360,2024,256
Realme,13 Pro+ 5G 512GB,195,16,32,50,Qualcomm Snapdragon 7+ Gen 2,"5,500",6.78,380,2024,512
Realme,P1 Speed 5G 128GB,185,8,16,64,MediaTek Dimensity 8100,"5,100",6.7,250,2024,128
Realme,P1 Speed 5G 256GB,185,12,16,64,MediaTek Dimensity 8100,"5,100",6.7,270,2024,256
Realme,P2 Pro 5G 256GB,188,12,32,50,Qualcomm Snapdragon 7+ Gen 3,"5,500",6.78,340,2024,256
Realme,P2 Pro 5G 512GB,188,16,32,50,Qualcomm Snapdragon 7+ Gen 3,"5,500",6.78,360,2024,512
Realme,P1 5G 128GB,184,6,16,50,MediaTek Dimensity 6100+,"5,000",6.6,200,2024,128
Realme,P1 5G 256GB,184,8,16,50,MediaTek Dimensity 6100+,"5,000",6.6,220,2024,256
Realme,P1 Pro 5G 128GB,190,8,16,64,Qualcomm Snapdragon 7s Gen 1,"5,200",6.7,270,2024,128
Realme,P1 Pro 5G 256GB,190,12,16,64,Qualcomm Snapdragon 7s Gen 1,"5,200",6.7,290,2024,256
Realme,Narzo 70 Turbo 5G 128GB,200,8,16,50,MediaTek Dimensity 810,"5,000",6.6,240,2024,128
Realme,Narzo 70 Turbo 5G 256GB,200,8,16,50,MediaTek Dimensity 810,"5,000",6.6,260,2024,256
Realme,Narzo N61 128GB,195,6,16,50,MediaTek Helio G99,"5,000",6.5,180,2024,128
Realme,Narzo N63 128GB,193,6,16,50,MediaTek Helio G88,"5,000",6.5,160,2024,128
Realme,Narzo N65 5G 128GB,198,8,16,50,MediaTek Dimensity 700,"5,000",6.6,210,2024,128
Realme,Narzo 70 5G 128GB,198,8,16,50,MediaTek Dimensity 810,"5,200",6.6,230,2024,128
Realme,C75 128GB,190,6,8,50,MediaTek Helio G85,"5,000",6.6,160,2024,128
Realme,C75 256GB,190,8,8,50,MediaTek Helio G85,"5,000",6.6,180,2024,256
Realme,C61 128GB,189,4,8,50,Unisoc T612,"5,000",6.5,130,2024,128
Realme,C67 128GB,195,6,8,50,MediaTek Helio G88,"5,000",6.6,170,2024,128
Realme,C67 256GB,195,8,8,50,MediaTek Helio G88,"5,000",6.6,190,2024,256
Realme,C65 128GB,192,6,8,50,Qualcomm Snapdragon 680,"5,000",6.6,160,2024,128
Realme,C65 256GB,192,8,8,50,Qualcomm Snapdragon 680,"5,000",6.6,180,2024,256
Realme,C63 128GB,191,6,8,50,MediaTek Helio G85,"5,000",6.6,150,2024,128
Realme,C55 128GB,189,6,8,64,MediaTek Helio G88,"5,000",6.72,170,2023,128
Realme,C55 256GB,189,8,8,64,MediaTek Helio G88,"5,000",6.72,190,2023,256
Realme,Note 60x 128GB,198,6,16,50,MediaTek Dimensity 6100+,"5,200",6.6,210,2024,128
Realme,Note 60 128GB,196,6,16,50,MediaTek Dimensity 810,"5,200",6.6,220,2024,128
Realme,Note 60 256GB,196,8,16,50,MediaTek Dimensity 810,"5,200",6.6,240,2024,256
Realme,Note 50 128GB,195,6,16,50,MediaTek Helio G99,"5,000",6.5,170,2024,128
Realme,GT 7 128GB,199,8,16,50,Qualcomm Snapdragon 8 Gen 2,"5,200",6.8,440,2024,128
Realme,GT 7 256GB,199,12,16,50,Qualcomm Snapdragon 8 Gen 2,"5,200",6.8,500,2024,256
Realme,Neo 7 128GB,193,8,16,64,MediaTek Dimensity 8200,"5,000",6.7,330,2024,128
Realme,Neo 7 256GB,193,12,16,64,MediaTek Dimensity 8200,"5,000",6.7,380,2024,256
Realme,P2 Pro 5G 128GB,195,8,16,50,MediaTek Dimensity 9200,"5,100",6.7,350,2024,128
Realme,P2 Pro 5G 256GB,195,12,16,50,MediaTek Dimensity 9200,"5,100",6.7,400,2024,256
Realme,Pad 64GB,440,4,8,8,MediaTek Helio G80,"7,100",10.4,200,2021,64
Realme,Pad 128GB,440,6,8,8,MediaTek Helio G80,"7,100",10.4,230,2021,128
Realme,Pad 2 128GB,482,6,8,8,MediaTek Helio G99,"8,360",11.5,280,2023,128
Realme,Pad 2 256GB,482,8,8,8,MediaTek Helio G99,"8,360",11.5,320,2023,256
Realme,Pad 2 Lite 64GB,466,4,8,8,MediaTek Helio G85,"7,100",10.4,190,2023,64
Realme,Pad 2 Lite 128GB,466,6,8,8,MediaTek Helio G85,"7,100",10.4,210,2023,128
Realme,Pad X 64GB,499,4,8,13,Qualcomm Snapdragon 695,"8,340",11,310,2022,64
Realme,Pad X 128GB,499,6,8,13,Qualcomm Snapdragon 695,"8,340",11,350,2022,128
Realme,Pad Mini 32GB,372,3,5,8,Unisoc T616,"6,400",8.7,160,2022,32
Realme,Pad Mini 64GB,372,4,5,8,Unisoc T616,"6,400",8.7,180,2022,64
Realme,Pad Slim 64GB,440,4,8,8,MediaTek Helio G80,"7,100",10.4,200,2022,64
Realme,Pad Slim 128GB,440,6,8,8,MediaTek Helio G80,"7,100",10.4,220,2022,128
Realme,TechLife Pad Neo 64GB,465,4,8,8,MediaTek Helio G85,"7,200",10.5,210,2024,64
Realme,TechLife Pad Neo 128GB,465,6,8,8,MediaTek Helio G85,"7,200",10.5,230,2024,128
Xiaomi,Xiaomi 15 Pro 256GB,210,12,32,50,Snapdragon 8 Elite,"6,100",6.73,799,2024,256
Xiaomi,Xiaomi 15 Pro 512GB,210,16,32,50,Snapdragon 8 Elite,"6,100",6.73,899,2024,512
Xiaomi,Xiaomi 15 Pro 1TB,210,16,32,50,Snapdragon 8 Elite,"6,100",6.73,999,2024,1
Xiaomi,Xiaomi 15 256GB,190,12,32,50,Snapdragon 8 Elite,"5,400",6.36,699,2024,256
Xiaomi,Xiaomi 15 512GB,190,16,32,50,Snapdragon 8 Elite,"5,400",6.36,799,2024,512
Xiaomi,Xiaomi 14T Pro 256GB,209,12,32,50,Dimensity 9300+,"5,000",6.67,634.99,2024,256
Xiaomi,Xiaomi 14T Pro 512GB,209,12,32,50,Dimensity 9300+,"5,000",6.67,790.77,2024,512
Xiaomi,Xiaomi 14T Pro 1TB,209,12,32,50,Dimensity 9300+,"5,000",6.67,899,2024,1
Xiaomi,Xiaomi 14T 256GB,195,12,32,50,Dimensity 8300-Ultra,"5,000",6.67,599,2024,256
Xiaomi,Xiaomi 14T 512GB,195,12,32,50,Dimensity 8300-Ultra,"5,000",6.67,699,2024,512
Xiaomi,Xiaomi 14 Pro 256GB,206,12,32,50,Snapdragon 8 Gen 3,"5,000",6.73,799,2023,256
Xiaomi,Xiaomi 14 Pro 512GB,206,12,32,50,Snapdragon 8 Gen 3,"5,000",6.73,899,2023,512
Xiaomi,Xiaomi 14 256GB,189,12,32,50,Snapdragon 8 Gen 3,"4,610",6.36,699,2023,256
Xiaomi,Xiaomi 14 512GB,189,12,32,50,Snapdragon 8 Gen 3,"4,610",6.36,799,2023,512
Xiaomi,Redmi Note 14 Pro+ 5G 128GB,205,8,16,200,Snapdragon 7s Gen 3,"5,110",6.67,374.9,2024,128
Xiaomi,Redmi Note 14 Pro+ 5G 256GB,205,12,16,200,Snapdragon 7s Gen 3,"5,110",6.67,399,2024,256
Xiaomi,Redmi Note 14 Pro+ 5G 512GB,205,16,16,200,Snapdragon 7s Gen 3,"5,110",6.67,429,2024,512
Xiaomi,Redmi Note 14 Pro 5G 128GB,195,8,16,108,MediaTek Dimensity 7300-Ultra,"5,500",6.67,349,2024,128
Xiaomi,Redmi Note 14 Pro 5G 256GB,195,12,16,108,MediaTek Dimensity 7300-Ultra,"5,500",6.67,379,2024,256
Xiaomi,Redmi Note 14 Pro 4G 128GB,190,6,16,108,Qualcomm Snapdragon 732G,"5,000",6.67,299,2024,128
Xiaomi,Redmi Note 14 Pro 4G 256GB,190,8,16,108,Qualcomm Snapdragon 732G,"5,000",6.67,329,2024,256
Xiaomi,Redmi Note 14 5G 128GB,185,6,16,50,MediaTek Dimensity 7025-Ultra,"5,000",6.67,279,2024,128
Xiaomi,Redmi Note 14 5G 256GB,185,8,16,50,MediaTek Dimensity 7025-Ultra,"5,000",6.67,309,2024,256
Xiaomi,Redmi Note 14 4G 128GB,180,4,16,50,Qualcomm Snapdragon 680,"5,000",6.67,249,2024,128
Xiaomi,Redmi Note 14 4G 256GB,180,6,16,50,Qualcomm Snapdragon 680,"5,000",6.67,279,2024,256
Xiaomi,Redmi 14C 5G 64GB,195,4,8,50,MediaTek Dimensity 700,"5,000",6.5,199,2024,64
Xiaomi,Redmi 14C 5G 128GB,195,6,8,50,MediaTek Dimensity 700,"5,000",6.5,229,2024,128
Lenovo,Legion Y70 128GB,209,8,16,50,Snapdragon 8+ Gen 1,"5,100",6.67,499,2022,128
Lenovo,Legion Y70 256GB,209,12,16,50,Snapdragon 8+ Gen 1,"5,100",6.67,549,2022,256
Lenovo,Legion Y70 512GB,209,16,16,50,Snapdragon 8+ Gen 1,"5,100",6.67,599,2022,512
Lenovo,K14 Plus 64GB,198,4,8,48,Unisoc T700,"5,000",6.5,199,2022,64
Lenovo,K14 Plus 128GB,198,6,8,48,Unisoc T700,"5,000",6.5,229,2022,128
Lenovo,K13 Pro 128GB,200,6,16,64,Snapdragon 662,"5,000",6.8,249,2021,128
Lenovo,K13 32GB,190,2,5,13,Unisoc SC9863A,"5,000",6.52,149,2021,32
Lenovo,K13 Note 64GB,200,4,8,48,Snapdragon 460,"5,000",6.5,199,2021,64
Lenovo,K10 Plus 64GB,172,4,16,13,Snapdragon 632,"4,050",6.22,179,2019,64
Lenovo,A6 Note 32GB,172,3,5,13,Helio P22,"4,000",6.09,149,2019,32
Lenovo,K10 Note 64GB,164,4,16,16,Snapdragon 710,"4,050",6.3,219,2019,64
Lenovo,K10 Note 128GB,164,6,16,16,Snapdragon 710,"4,050",6.3,249,2019,128
Lenovo,Z6 Pro 128GB,185,6,32,48,Snapdragon 855,"4,000",6.39,429,2019,128
Lenovo,Z6 Pro 256GB,185,8,32,48,Snapdragon 855,"4,000",6.39,479,2019,256
Lenovo,Z5 Pro 64GB,210,6,16,16,Snapdragon 710,"3,350",6.39,299,2018,64
Motorola,Edge 50 Fusion 128GB,168,8,32,50,Snapdragon 7 Gen 1,"5,000",6.7,499,2024,128
Motorola,Edge 50 Fusion 256GB,168,12,32,50,Snapdragon 7 Gen 1,"5,000",6.7,549,2024,256
Motorola,Edge 50 Pro 128GB,186,8,50,50,Snapdragon 7 Gen 3,"4,500",6.7,549,2024,128
Motorola,Edge 50 Pro 256GB,186,12,50,50,Snapdragon 7 Gen 3,"4,500",6.7,599,2024,256
Motorola,Razr 128GB,192,8,32,50,Snapdragon 8+ Gen 1,"3,500",6.7,999,2023,128
Motorola,Razr 256GB,192,12,32,50,Snapdragon 8+ Gen 1,"3,500",6.7,"1,099",2023,256
Motorola,G84 5G 128GB,166,8,16,50,Snapdragon 695,"5,000",6.5,299,2023,128
Motorola,G84 5G 256GB,166,12,16,50,Snapdragon 695,"5,000",6.5,349,2023,256
Motorola,Moto G Stylus 64GB,195,4,16,50,MediaTek Helio G88,"5,000",6.8,199,2023,64
Motorola,Moto G Stylus 128GB,195,6,16,50,MediaTek Helio G88,"5,000",6.8,249,2023,128
Motorola,One Vision 3 128GB,180,6,25,48,Exynos 9609,"3,500",6.3,299,2024,128
Motorola,One Vision 3 256GB,180,8,25,48,Exynos 9609,"3,500",6.3,349,2024,256
Motorola,Edge 50 Lite 128GB,170,6,32,64,Snapdragon 695,"5,000",6.7,399,2024,128
Motorola,Edge 50 Lite 256GB,170,8,32,64,Snapdragon 695,"5,000",6.7,449,2024,256
Motorola,Moto E40 Plus 64GB,198,4,8,48,Unisoc T700,"5,000",6.5,199,2023,64
Motorola,Moto E40 Plus 128GB,198,6,8,48,Unisoc T700,"5,000",6.5,229,2023,128
Motorola,Moto G Power 64GB,206,4,16,50,Snapdragon 662,"5,000",6.6,249,2022,64
Motorola,Moto G Power 128GB,206,6,16,50,Snapdragon 662,"5,000",6.6,279,2022,128
Motorola,Moto G Play 32GB,203,3,5,13,MediaTek Helio G25,"5,000",6.5,149,2022,32
Motorola,Moto G Play 64GB,203,4,5,13,MediaTek Helio G25,"5,000",6.5,179,2022,64
Motorola,Moto G75 5G 128GB,205,8,16,50,Snapdragon 6 Gen 3,"5,000",6.78,320,2024,128
Motorola,Moto G75 5G 256GB,205,8,16,50,Snapdragon 6 Gen 3,"5,000",6.78,370,2024,256
Motorola,Moto S50 128GB,190,8,32,64,MediaTek Dimensity 8100,"4,500",6.7,300,2024,128
Motorola,Moto S50 256GB,190,12,32,64,MediaTek Dimensity 8100,"4,500",6.7,350,2024,256
Motorola,Edge 50 Neo 256GB,171,8,32,50,MediaTek Dimensity 7300,"4,310",6.4,400,2024,256
Motorola,Edge 50 Neo 512GB,171,12,32,50,MediaTek Dimensity 7300,"4,310",6.4,450,2024,512
Motorola,Moto G55 128GB,182,8,16,50,MediaTek Dimensity 7025,"5,000",6.49,270,2024,128
Motorola,Moto G55 256GB,182,8,16,50,MediaTek Dimensity 7025,"5,000",6.49,320,2024,256
Motorola,Moto G35 128GB,188,4,16,50,Unisoc T760,"5,000",6.72,200,2024,128
Motorola,Moto G35 256GB,188,8,16,50,Unisoc T760,"5,000",6.72,250,2024,256
Motorola,Moto G45 128GB,183,6,16,50,Snapdragon 6s Gen 3,"5,000",6.5,250,2024,128
Motorola,Moto G45 256GB,183,8,16,50,Snapdragon 6s Gen 3,"5,000",6.5,300,2024,256
Motorola,Edge 50 256GB,180,8,32,50,Snapdragon 7s Gen 2,"4,700",6.7,450,2024,256
Motorola,Edge 50 512GB,180,12,32,50,Snapdragon 7s Gen 2,"4,700",6.7,500,2024,512
Motorola,Razr 50 Ultra 512GB,189,12,32,50,Snapdragon 8+ Gen 1,"4,000",6.9,"1,199",2024,512
Motorola,Razr 50 256GB,188,8,32,50,Snapdragon 7 Gen 1,"3,800",6.7,999,2024,256
Motorola,Moto G85 128GB,173,8,32,50,Snapdragon 6s Gen 3,"5,000",6.67,320,2024,128
Motorola,Moto G85 256GB,173,12,32,50,Snapdragon 6s Gen 3,"5,000",6.67,370,2024,256
Motorola,S50 Neo 256GB,170,8,32,50,MediaTek Dimensity 7200,"4,300",6.5,300,2024,256
Motorola,S50 Neo 512GB,170,12,32,50,MediaTek Dimensity 7200,"4,300",6.5,350,2024,512
Motorola,Moto E14 64GB,180,4,8,13,Unisoc T606,"5,000",6.5,150,2024,64
Motorola,Moto E14 128GB,180,4,8,13,Unisoc T606,"5,000",6.5,180,2024,128
Motorola,Edge 256GB,174,8,32,50,Snapdragon 7s Gen 2,"4,700",6.7,450,2024,256
Motorola,Edge 512GB,174,12,32,50,Snapdragon 7s Gen 2,"4,700",6.7,500,2024,512
Motorola,Moto X50 Ultra 512GB,198,12,60,200,Snapdragon 8 Gen 3,"5,000",6.9,"1,499",2024,512
Motorola,Moto G Stylus 5G 256GB,195,6,16,50,Snapdragon 6 Gen 1,"5,000",6.8,300,2024,256
Motorola,Moto G Stylus 5G 512GB,195,8,16,50,Snapdragon 6 Gen 1,"5,000",6.8,350,2024,512
Motorola,Edge 50 Ultra 512GB,198,12,60,200,Snapdragon 8 Gen 3,"5,000",6.9,"1,499",2024,512
Motorola,Edge 30 Fusion 128GB,168,8,32,50,Snapdragon 888+ 5G,"4,400",6.55,699,2022,128
Motorola,Edge 30 Fusion 256GB,168,12,32,50,Snapdragon 888+ 5G,"4,400",6.55,749,2022,256
Motorola,Edge 30 Neo 128GB,155,6,32,64,Snapdragon 695 5G,"4,020",6.28,499,2022,128
Motorola,Edge 30 Neo 256GB,155,8,32,64,Snapdragon 695 5G,"4,020",6.28,549,2022,256
Motorola,Moto G82 5G 128GB,173,6,16,50,Snapdragon 695 5G,"5,000",6.6,399,2022,128
Motorola,Moto G82 5G 256GB,173,8,16,50,Snapdragon 695 5G,"5,000",6.6,449,2022,256
Motorola,Moto G62 5G 128GB,184,4,16,50,Snapdragon 480+ 5G,"5,000",6.5,349,2022,128
Motorola,Moto G62 5G 256GB,184,6,16,50,Snapdragon 480+ 5G,"5,000",6.5,399,2022,256
Motorola,Moto G42 128GB,175,4,16,50,Snapdragon 680 4G,"5,000",6.4,299,2022,128
Motorola,Moto G32 128GB,184,4,16,50,Snapdragon 680 4G,"5,000",6.5,279,2022,128
Motorola,Moto E32s 64GB,185,3,8,16,MediaTek Helio G37,"5,000",6.5,199,2022,64
Motorola,Moto E22i 32GB,169,2,5,16,MediaTek Helio G37,"4,020",6.5,179,2022,32
Motorola,Moto E22 64GB,169,4,5,16,MediaTek Helio G37,"4,020",6.5,199,2022,64
Motorola,Moto G22 64GB,185,4,16,50,MediaTek Helio G37,"5,000",6.5,249,2022,64
Huawei,P50,181,8,13,50,Snapdragon 888 4G,"4,100",6.5,699,2021,0
Huawei,P50 Pro,195,8,13,50,Snapdragon 888 4G,"4,360",6.6,899,2021,0
Huawei,P50 Pocket,190,8,10,40,Snapdragon 888 4G,"4,000",6.9,"1,299",2021,0
Huawei,Mate 40E,188,8,13,64,Kirin 990E 5G,"4,200",6.5,799,2021,0
Huawei,Mate X2,295,8,16,50,Kirin 9000 5G,"4,500",8,"2,699",2021,0
Huawei,Nova 9,175,8,32,50,Snapdragon 778G 4G,"4,300",6.57,499,2021,0
Huawei,Nova 9 Pro,186,8,32,50,Snapdragon 778G 4G,"4,000",6.72,599,2021,0
Huawei,P50E,181,8,13,50,Snapdragon 778G 4G,"4,100",6.5,649,2022,0
Huawei,Mate Xs 2,255,8,10,50,Snapdragon 888 4G,"4,600",7.8,"2,499",2022,0
Huawei,Mate 50,202,8,13,50,Snapdragon 8+ Gen 1 4G,"4,460",6.7,999,2022,0
Huawei,Mate 50 Pro,205,8,13,50,Snapdragon 8+ Gen 1 4G,"4,700",6.74,"1,199",2022,0
Huawei,Nova 10,168,8,60,50,Snapdragon 778G 4G,"4,000",6.67,499,2022,0
Huawei,Nova 10 Pro,191,8,60,50,Snapdragon 778G 4G,"4,500",6.78,599,2022,0
Huawei,Nova 10 SE,184,8,16,108,Snapdragon 680 4G,"4,500",6.67,399,2022,0
Huawei,P60,197,8,13,48,Snapdragon 8+ Gen 1 4G,"4,815",6.67,999,2023,0
Huawei,P60 Pro,200,8,13,48,Snapdragon 8+ Gen 1 4G,"4,815",6.67,"1,099",2023,0
Huawei,P60 Art,206,8,13,48,Snapdragon 8+ Gen 1 4G,"5,100",6.73,"1,299",2023,0
Huawei,Mate X3,239,12,8,50,Snapdragon 8+ Gen 1 4G,"4,800",7.85,"2,499",2023,0
Huawei,Mate 60,209,12,13,50,Kirin 9000S,"4,750",6.7,"1,099",2023,0
Huawei,Mate 60 Pro,225,12,13,50,Kirin 9000S,"5,000",6.82,"1,299",2023,0
Huawei,Mate 60 Pro+,235,12,13,50,Kirin 9000S,"5,200",6.82,"1,499",2023,0
Huawei,Nova 11,168,8,60,50,Snapdragon 778G 4G,"4,500",6.7,499,2023,0
Huawei,Nova 11 Pro,188,8,60,50,Snapdragon 778G 4G,"4,500",6.78,599,2023,0
Huawei,Nova 11 Ultra,188,12,60,50,Snapdragon 778G 4G,"4,500",6.78,699,2023,0
Huawei,Pura 70,220,12,13,50,Kirin 9010,"4,900",6.8,999,2024,0
Huawei,Pura 70 Pro,220,12,13,50,Kirin 9010,"5,050",6.8,"1,099",2024,0
Huawei,Pura 70 Pro+,220,12,13,50,Kirin 9010,"5,050",6.8,"1,199",2024,0
Huawei,Pura 70 Ultra,226,16,13,50,Kirin 9010,"5,200",6.8,"1,299",2024,0
Huawei,Mate 70,220,12,13,50,Kirin 9010,"4,900",6.7,899,2024,0
Huawei,Mate 70 Pro,220,12,13,50,Kirin 9010,"5,000",6.8,999,2024,0
Huawei,Mate 70 Pro+,220,12,13,50,Kirin 9010,"5,000",6.8,"1,099",2024,0
Huawei,Mate X6,241,12,8,50,Kirin 9010,"4,800",7.93,"2,499",2024,0
Huawei,Nova 12,168,8,60,50,Kirin 9000S,"4,500",6.7,499,2024,0
Huawei,Nova 12 Pro,188,8,60,50,Kirin 9000S,"4,500",6.78,599,2024,0
Huawei,Mate XT 256GB,245,12,13,50,Kirin 9010,"5,000",7.92,"2,599",2024,256
Huawei,Mate XT 512GB,245,12,13,50,Kirin 9010,"5,000",7.92,"2,799",2024,512
Huawei,Nova 13 256GB,170,8,50,50,Kirin 9000S,"4,600",6.7,529,2024,256
Huawei,Nova 13 512GB,170,8,50,50,Kirin 9000S,"4,600",6.7,599,2024,512
Huawei,Nova 13 Pro 256GB,190,8,60,50,Kirin 9000S,"4,600",6.78,649,2024,256
Huawei,Nova 13 Pro 512GB,190,8,60,50,Kirin 9000S,"4,600",6.78,729,2024,512
Nokia,G42 5G 128GB,193,4,8,50,Snapdragon 480+,"5,000",6.56,229,2023,128
Nokia,G20 64GB,197,4,8,48,MediaTek G35,"5,050",6.52,169,2021,64
Nokia,G20 128GB,197,4,8,48,MediaTek G35,"5,050",6.52,189,2021,128
Nokia,C32 64GB,199,3,8,50,Unisoc SC9863A,"5,000",6.52,139,2023,64
Nokia,C32 128GB,199,4,8,50,Unisoc SC9863A,"5,000",6.52,159,2023,128
Nokia,G21 64GB,190,4,8,50,Unisoc T606,"5,050",6.5,169,2022,64
Nokia,G21 128GB,190,6,8,50,Unisoc T606,"5,050",6.5,189,2022,128
Nokia,C22 64GB,190,2,8,13,Unisoc SC9863A,"5,000",6.5,119,2023,64
Nokia,C22 128GB,190,3,8,13,Unisoc SC9863A,"5,000",6.5,139,2023,128
Nokia,G400 128GB,198,6,16,48,Snapdragon 480,"5,000",6.58,239,2022,128
Sony,Xperia 1 IV 256GB,185,12,12,12,Snapdragon 8 Gen 1,"5,000",6.5,"1,599",2022,256
Sony,Xperia 5 IV 128GB,172,8,12,12,Snapdragon 8 Gen 1,"5,000",6.1,999,2022,128
Sony,Xperia 10 IV 128GB,161,6,8,12,Snapdragon 695,"5,000",6,499,2022,128
Sony,Xperia 1 V 256GB,187,12,12,48,Snapdragon 8 Gen 2,"5,000",6.5,"1,699",2023,256
Sony,Xperia 5 V 128GB,178,8,12,48,Snapdragon 8 Gen 2,"5,000",6.1,"1,099",2023,128
Sony,Xperia 10 V 128GB,164,6,8,48,Snapdragon 695,"5,000",6.1,599,2023,128
Sony,Xperia 1 VI 256GB,190,12,12,48,Snapdragon 8 Gen 3,"5,000",6.5,"1,799",2024,256
Sony,Xperia 5 VI 128GB,180,8,12,48,Snapdragon 8 Gen 3,"5,000",6.1,"1,199",2024,128
Sony,Xperia 10 VI 128GB,167,6,8,48,Snapdragon 7 Gen 1,"5,000",6.1,699,2024,128
Nokia,T21,466,4,8,8,Unisoc T612,8200,10.4,396,2022,0
Huawei,MatePad Pro 12.2 512GB,508,12,16,13,Kirin 9000S,"10,100",12.2,999,2024,512
Huawei,MatePad Pro 13.2 512GB,580,12,16,13,Kirin 9000S,"10,100",13.2,877,2024,512
Google,Pixel 3a 64GB,147,4,8,12,Snapdragon 670,"3,000",5.6,399,2019,64
Google,Pixel 3a XL 64GB,167,4,8,12,Snapdragon 670,"3,700",6,479,2019,64
Google,Pixel 4 64GB,162,6,8,12,Snapdragon 855,"2,800",5.7,799,2019,64
Google,Pixel 4 XL 64GB,193,6,8,12,Snapdragon 855,"3,700",6.3,899,2019,64
Google,Pixel 4a 128GB,143,6,8,12,Snapdragon 730G,"3,140",5.8,349,2020,128
Google,Pixel 4a 5G 128GB,168,6,8,12,Snapdragon 765G,"3,885",6.2,499,2020,128
Google,Pixel 5 128GB,151,8,8,12,Snapdragon 765G,"4,080",6,699,2020,128
Google,Pixel 5a 128GB,183,6,8,12,Snapdragon 765G,"4,680",6.34,449,2021,128
Google,Pixel 6 128GB,207,8,8,50,Google Tensor,"4,614",6.4,699,2021,128
Google,Pixel 6 Pro 256GB,210,12,11,50,Google Tensor,"5,003",6.71,899,2021,256
Google,Pixel 6a 128GB,178,6,8,12,Google Tensor,"4,410",6.1,449,2022,128
Google,Pixel 7 128GB,197,8,10,50,Google Tensor G2,"4,355",6.3,599,2022,128
Google,Pixel 7 Pro 256GB,212,12,10,50,Google Tensor G2,"5,000",6.7,899,2022,256
Google,Pixel 7a 128GB,193,8,10,64,Google Tensor G2,"4,385",6.1,499,2023,128
Google,Pixel 8 128GB,187,8,10,50,Google Tensor G3,"4,575",6.2,699,2023,128
Google,Pixel 8 Pro 256GB,213,12,10,50,Google Tensor G3,"5,050",6.7,999,2023,256
Google,Pixel 8a 128GB,194,8,10,64,Google Tensor G3,"4,385",6.1,549,2024,128
Google,Pixel 9 128GB,195,8,10,50,Google Tensor G4,"4,600",6.3,799,2024,128
Google,Pixel 9 Pro 256GB,216,12,10,50,Google Tensor G4,"5,050",6.7,"1,099",2024,256
Google,Pixel 9 Pro XL 512GB,222,16,10,50,Google Tensor G4,"5,250",6.8,"1,299",2024,512
Google,Pixel 9 Pro Fold 512GB,250,16,10,50,Google Tensor G4,"5,500",7.6,"1,799",2024,512
Tecno,Spark Go 1S 64GB,190,4,8,13,MediaTek Helio A22,"5,000",6.6,129,2024,64
Tecno,Megapad 11 256GB,450,8,13,50,MediaTek G99,"8,000",11,349,2024,256
Tecno,Pop 9 4G 64GB,195,3,5,8,Unisoc SC9863A,"5,000",6.52,99,2024,64
Tecno,Megapad 128GB,420,6,12,50,MediaTek Helio G80,"7,500",10.9,299,2024,128
Tecno,Camon 30S 256GB,198,8,32,50,MediaTek Dimensity 810,"5,200",6.8,499,2024,256
Tecno,Spark 30C 5G 128GB,200,6,16,50,MediaTek Dimensity 6100+,"5,000",6.6,199,2024,128
Tecno,Spark 30 5G 128GB,195,6,16,50,MediaTek Dimensity 6020,"5,000",6.6,229,2024,128
Tecno,Pop 9 64GB,190,3,5,8,Unisoc SC9832E,"5,000",6.52,89,2024,64
Tecno,Spark 30 Pro 256GB,205,8,32,50,MediaTek Helio G99,"5,200",6.8,269,2024,256
Tecno,Spark 30 128GB,192,4,16,50,MediaTek Helio G85,"5,000",6.6,179,2024,128
Tecno,Phantom V Fold2 512GB,280,12,32,64,MediaTek Dimensity 9200+,"5,500",7.85,"1,799",2024,512
Tecno,Phantom V Flip2 256GB,195,8,32,50,MediaTek Dimensity 8050,"4,300",6.9,999,2024,256
Tecno,Pova 6 Neo 5G 256GB,225,8,16,50,MediaTek Dimensity 810,"6,000",6.8,349,2024,256
Tecno,Spark 30C 128GB,190,4,16,50,MediaTek Helio G85,"5,000",6.6,149,2024,128
Tecno,Spark Go 1 64GB,195,3,5,8,Unisoc SC9863A,"5,000",6.52,99,2024,64
Tecno,Camon 30S Pro 512GB,202,12,50,108,MediaTek Dimensity 9200,"5,200",6.9,"1,099",2024,512
Tecno,Spark 20P 128GB,195,4,16,50,MediaTek Helio G85,"5,000",6.6,179,2024,128
Tecno,Spark 20 Pro 5G 256GB,210,8,32,50,MediaTek Dimensity 810,"5,200",6.8,329,2024,256
Tecno,Pova 6 Neo 256GB,230,8,16,50,MediaTek Helio G99,"6,000",6.8,299,2024,256
Tecno,Camon 30 Premier 512GB,210,12,50,108,MediaTek Dimensity 9200,"5,200",6.9,"1,199",2024,512
Tecno,Camon 30 Pro 512GB,205,12,50,64,MediaTek Dimensity 8200,"5,200",6.8,899,2024,512
Tecno,Camon 30 5G 256GB,198,8,32,50,MediaTek Dimensity 810,"5,000",6.7,499,2024,256
Tecno,Camon 30 128GB,195,6,32,50,MediaTek Helio G99,"5,000",6.7,349,2024,128
Tecno,Pova 6 Pro 512GB,230,12,32,64,MediaTek Dimensity 8100,"6,000",6.9,"1,099",2024,512
Tecno,Spark 20 Pro+ 256GB,210,8,32,50,MediaTek Helio G99,"5,200",6.8,269,2024,256
Tecno,Spark 20 Pro 128GB,195,6,16,50,MediaTek Helio G85,"5,000",6.6,199,2024,128
Tecno,Spark 20 128GB,192,4,16,50,MediaTek Helio G85,"5,000",6.6,179,2024,128
Tecno,Spark 20C 128GB,190,4,16,50,MediaTek Helio G85,"5,000",6.6,149,2024,128
Tecno,Spark Go 2024 64GB,195,3,5,8,Unisoc SC9863A,"5,000",6.52,99,2024,64
Tecno,Pop 8 64GB,195,3,5,8,Unisoc SC9832E,"5,000",6.52,89,2024,64
Tecno,Camon 20s Pro 5G 512GB,202,12,50,108,MediaTek Dimensity 9200,"5,200",6.9,"1,099",2024,512
Tecno,Camon 20s Pro 256GB,202,12,50,108,MediaTek Dimensity 810,"5,200",6.9,899,2024,256
Tecno,Camon 20s 256GB,200,8,32,50,MediaTek Helio G99,"5,000",6.7,449,2024,256
Tecno,Camon 20 Premier 512GB,205,12,50,108,MediaTek Dimensity 8200,"5,200",6.8,"1,049",2024,512
Tecno,Camon 20 Pro 5G 256GB,200,8,32,50,MediaTek Dimensity 810,"5,000",6.7,499,2024,256
Tecno,Camon 20 Pro 128GB,198,6,32,50,MediaTek Helio G99,"5,000",6.7,349,2024,128
Tecno,Camon 20 128GB,195,6,32,50,MediaTek Helio G99,"5,000",6.7,349,2024,128
Tecno,Pova 5G 512GB,240,8,32,50,MediaTek Dimensity 900,"6,000",6.9,699,2024,512
Tecno,Pova 5 256GB,230,8,16,50,MediaTek Helio G99,"6,000",6.8,329,2024,256
Infinix,Xpad,450,6,8,13,MediaTek Helio G99,"7,000",10.1,299,2024,0
Infinix,Xpad 5G,470,8,16,50,MediaTek Dimensity 810,"8,000",10.4,399,2024,0
Infinix,Xpad Lite,420,4,5,8,Unisoc T606,"6,000",9.7,219,2024,0
Infinix,Xpad Pro,480,12,32,50,MediaTek Dimensity 9200,"9,000",11,549,2024,0
Infinix,Hot 50,192,6,8,50,MediaTek Helio G85,"5,000",6.78,219,2024,0
Infinix,Hot 50i,190,4,8,50,Unisoc T606,"5,000",6.6,179,2024,0
Infinix,Hot 50 5G,195,8,16,50,MediaTek Dimensity 810,"5,200",6.78,289,2024,0
Infinix,Hot 50 Pro,194,8,16,50,MediaTek Helio G99,"5,000",6.8,269,2024,0
Infinix,Hot 50 Pro+,196,12,32,108,MediaTek Dimensity 9200,"5,300",6.9,379,2024,0
Infinix,GT 20 Pro,198,12,32,108,MediaTek Dimensity 8200,"5,500",6.9,449,2024,0
Infinix,Note 40X 5G,198,8,32,108,MediaTek Dimensity 7200,"5,200",6.8,349,2024,0
Infinix,Note 40S,196,8,32,50,MediaTek Helio G99,"5,000",6.78,279,2024,0
Infinix,Note 40 5G,195,8,32,108,MediaTek Dimensity 8100,"5,200",6.8,319,2024,0
Infinix,Note 40 Pro 5G,195,12,32,108,MediaTek Dimensity 9000,"5,300",6.8,399,2024,0
Infinix,Note 40 Racing Edition,196,12,32,108,MediaTek Dimensity 9200,"5,500",6.9,449,2024,0
Infinix,Hot 40,196,8,32,50,MediaTek Helio G88,"5,000",6.78,199,2023,0
Infinix,Hot 40i,195,4,8,13,Unisoc T606,"5,000",6.6,159,2023,0
Infinix,Hot 40 Pro,195,8,32,108,MediaTek Helio G99,"5,000",6.78,229,2023,0
Infinix,Zero 40,195,12,50,108,MediaTek Dimensity 8200,"5,000",6.78,349,2024,0
Infinix,Zero 40 5G,195,12,50,108,MediaTek Dimensity 8200,"5,000",6.78,379,2024,0
Infinix,Zero Flip,190,8,32,108,Qualcomm Snapdragon 778G,"4,500",6.7,399,2024,0
Infinix,Note 40,190,8,32,108,MediaTek Helio G99,"5,000",6.78,279,2024,0
Infinix,Note 40 Pro,190,12,32,108,MediaTek Dimensity 8100,"5,000",6.78,329,2024,0
Infinix,Hot 30 128GB,196,8,8,50,MediaTek Helio G88,"5,000",6.78,199,2023,128
Infinix,Hot 30i 128GB,191,4,8,13,Unisoc T606,"5,000",6.6,159,2023,128
Infinix,Hot 30i NFC 128GB,191,4,8,13,Unisoc T606,"5,000",6.6,159,2023,128
Infinix,Hot 30 Play 128GB,205,4,8,16,MediaTek Helio G37,"6,000",6.82,179,2023,128
Infinix,Hot 30 5G 128GB,202,8,8,50,MediaTek Dimensity 810,"5,000",6.78,239,2023,128
Infinix,Zero 30 256GB,185,8,50,108,MediaTek Dimensity 8020,"5,000",6.78,349,2023,256
Infinix,Zero 30 5G 256GB,185,12,50,108,MediaTek Dimensity 8020,"5,000",6.78,379,2023,256
Infinix,GT 10 Pro 256GB,187,8,32,108,MediaTek Dimensity 8050,"5,000",6.67,399,2023,256
Infinix,Hot 12 128GB,195,6,8,13,MediaTek Helio G85,"5,000",6.82,179,2022,128
Infinix,Hot 12 Play 128GB,209,4,8,13,Unisoc T610,"6,000",6.82,159,2022,128
Infinix,Hot 12 Pro 128GB,191,8,8,50,Unisoc T616,"5,000",6.6,199,2022,128
Infinix,Hot 12i 64GB,190,4,8,13,MediaTek Helio A22,"5,000",6.6,139,2022,64
Infinix,Hot 20 128GB,198,6,8,50,MediaTek Helio G85,"5,000",6.82,199,2022,128
Infinix,Hot 20 Play 128GB,209,4,8,13,MediaTek Helio G37,"6,000",6.82,159,2022,128
Infinix,Hot 20s 128GB,202,8,8,50,MediaTek Helio G96,"5,000",6.78,219,2022,128
Infinix,Hot 20 5G 128GB,204,6,8,50,MediaTek Dimensity 810,"5,000",6.6,239,2022,128
Infinix,Hot 20i 64GB,195,4,8,13,MediaTek Helio G25,"5,000",6.6,139,2022,64
Infinix,Hot 10T 128GB,205,4,8,48,MediaTek Helio G70,"5,000",6.82,149,2021,128
Infinix,Hot 10S 128GB,211,6,8,48,MediaTek Helio G85,"6,000",6.82,169,2021,128
Infinix,Hot 10S NFC 128GB,211,6,8,48,MediaTek Helio G85,"6,000",6.82,179,2021,128
Infinix,Hot 10 Play 64GB,207,4,8,13,MediaTek Helio G25,"6,000",6.82,139,2021,64
Infinix,Hot 11 128GB,201,4,8,13,MediaTek Helio G70,"5,200",6.6,159,2021,128
Infinix,Hot 11 Play 128GB,209,4,8,13,MediaTek Helio G35,"6,000",6.82,169,2021,128
Infinix,Hot 11s 128GB,205,6,8,50,MediaTek Helio G88,"5,000",6.78,189,2021,128
Infinix,Smart HD 32GB,195,2,5,8,MediaTek Helio A20,"5,000",6.1,79,2020,32
Infinix,Note 8i 128GB,210,6,8,48,MediaTek Helio G80,"5,200",6.78,199,2020,128
Infinix,Hot 10 Lite 64GB,195,3,8,13,MediaTek Helio A25,"5,000",6.6,109,2020,64
Infinix,Note 8 128GB,210,6,16,64,MediaTek Helio G80,"5,200",6.95,229,2020,128
Infinix,Zero 8i 128GB,210,8,16,48,MediaTek Helio G90T,"4,500",6.85,249,2020,128
Infinix,Hot 10 128GB,204,4,8,16,MediaTek Helio G70,"5,200",6.78,159,2020,128
Infinix,Zero 8 128GB,205,8,48,64,MediaTek Helio G90T,"4,500",6.85,279,2020,128
Infinix,Smart 5 64GB,195,3,8,13,MediaTek Helio A20,"5,000",6.6,99,2020,64
Honor,9X Lite,175,4,8,48,Kirin 710F,"3,750",6.5,219,2020,0
Honor,30,185,8,32,40,Kirin 985 5G,"4,000",6.53,449,2020,30
Honor,30 Pro,190,8,32,50,Kirin 990 5G,"4,000",6.57,599,2020,0
Honor,30 Pro+,192,12,32,50,Kirin 990 5G,"4,000",6.57,699,2020,0
Honor,30S,190,6,16,64,Kirin 820 5G,"4,000",6.5,349,2020,0
Honor,X10,203,6,16,40,Kirin 820 5G,"4,300",6.63,319,2020,0
Honor,X10 Max,227,8,8,48,MediaTek Dimensity 800,"5,000",7.09,379,2020,0
Honor,Play 4,213,6,16,64,MediaTek Dimensity 800,"4,300",6.81,349,2020,0
Honor,Play 4 Pro,213,8,32,40,Kirin 990 5G,"4,200",6.57,549,2020,0
Honor,10X Lite,206,4,8,48,Kirin 710A,"5,000",6.67,229,2020,0
Honor,V40,189,8,16,50,MediaTek Dimensity 1000+,"4,000",6.72,599,2021,0
Honor,50,175,8,32,108,Qualcomm Snapdragon 778G,"4,300",6.57,549,2021,50
Honor,50 Pro,187,8,32,108,Qualcomm Snapdragon 778G,"4,000",6.72,649,2021,0
Honor,50 SE,191,8,16,108,MediaTek Dimensity 900,"4,000",6.78,449,2021,0
Honor,X20,192,6,16,64,MediaTek Dimensity 900,"4,300",6.67,379,2021,0
Honor,X20 SE,179,6,16,64,MediaTek Dimensity 700,"4,000",6.6,299,2021,0
Honor,Play 5,179,8,16,64,MediaTek Dimensity 800U,"3,800",6.53,319,2021,0
Honor,Play 5T,191,6,8,13,Unisoc T610,"5,000",6.5,219,2021,0
Honor,Magic3,202,8,13,50,Qualcomm Snapdragon 888,"4,600",6.76,899,2021,0
Honor,Magic3 Pro,213,8,13,50,Qualcomm Snapdragon 888+,"4,600",6.76,"1,099",2021,0
Honor,Magic3 Pro+,236,12,13,50,Qualcomm Snapdragon 888+,"4,600",6.76,"1,299",2021,0
Honor,60,179,8,32,108,Qualcomm Snapdragon 778G,"4,800",6.67,549,2021,60
Honor,60 Pro,192,8,50,108,Qualcomm Snapdragon 778G+,"4,800",6.78,649,2021,0
Honor,60 SE,191,8,16,64,MediaTek Dimensity 900,"4,300",6.67,449,2021,0
Honor,X30,189,6,16,48,Qualcomm Snapdragon 695,"4,800",6.81,379,2021,0
Honor,X30i,175,6,16,48,MediaTek Dimensity 810,"4,000",6.7,299,2021,0
Honor,X30 Max,228,8,8,64,MediaTek Dimensity 900,"5,000",7.09,499,2021,0
Honor,Play 6,190,6,5,13,MediaTek MT6762G Helio G25,"5,000",6.52,179,2022,0
Honor,Play 6T,198,6,5,13,MediaTek Dimensity 700,"5,000",6.74,229,2022,0
Honor,Magic4,199,8,12,50,Qualcomm Snapdragon 8 Gen 1,"4,800",6.81,899,2022,0
Honor,Magic4 Pro,215,8,12,50,Qualcomm Snapdragon 8 Gen 1,"4,600",6.81,"1,099",2022,0
Honor,Magic4 Ultimate,242,12,12,50,Qualcomm Snapdragon 8 Gen 1,"4,600",6.81,"1,299",2022,0
Honor,Magic V,288,12,42,50,Qualcomm Snapdragon 8 Gen 1,"4,750",7.9,"1,799",2022,0
Honor,70,178,8,32,54,Qualcomm Snapdragon 778G+,"4,800",6.67,549,2022,70
Honor,70 Pro,192,8,50,54,MediaTek Dimensity 8000,"4,500",6.78,699,2022,0
Honor,70 Pro+,209,12,50,54,MediaTek Dimensity 9000,"4,500",6.78,799,2022,0
Honor,X40,172,6,8,50,Qualcomm Snapdragon 695,"5,100",6.67,299,2022,0
Honor,X40i,175,6,8,50,MediaTek Dimensity 700,"4,000",6.7,279,2022,0
Honor,Play 7,196,4,5,13,MediaTek Helio G37,"5,200",6.74,159,2023,0
Honor,Play 7T,199,6,5,13,MediaTek Dimensity 6020,"5,200",6.74,199,2023,0
Honor,Magic5,204,8,12,50,Qualcomm Snapdragon 8 Gen 2,"5,100",6.81,999,2023,0
Honor,Magic5 Pro,219,12,12,50,Qualcomm Snapdragon 8 Gen 2,"5,100",6.81,"1,199",2023,0
Honor,Magic5 Ultimate,234,16,12,50,Qualcomm Snapdragon 8 Gen 2,"5,450",6.81,"1,399",2023,0
Honor,Magic Vs,267,12,16,50,Qualcomm Snapdragon 8+ Gen 1,"5,000",7.9,"1,699",2023,0
Honor,80,180,8,32,160,Qualcomm Snapdragon 782G,"4,800",6.67,549,2022,80
Honor,80 Pro,193,12,50,160,Qualcomm Snapdragon 8+ Gen 1,"4,800",6.78,799,2022,0
Honor,80 SE,175,8,32,64,MediaTek Dimensity 900,"4,600",6.67,399,2022,0
Honor,X50,185,6,8,108,Qualcomm Snapdragon 6 Gen 1,"5,800",6.78,299,2023,0
Honor,X50i,179,6,8,100,MediaTek Dimensity 6020,"4,500",6.7,249,2023,0
Honor,Play 8,191,4,5,13,MediaTek Helio G36,"5,000",6.52,149,2023,0
Honor,Play 8T,195,6,5,50,MediaTek Dimensity 6100+,"5,200",6.74,189,2023,0
Honor,Magic6,203,8,12,50,Qualcomm Snapdragon 8 Gen 3,"5,200",6.81,"1,099",2024,0
Honor,Magic6 Pro,219,12,12,50,Qualcomm Snapdragon 8 Gen 3,"5,500",6.81,"1,299",2024,0
Honor,Magic6 Ultimate,234,16,12,50,Qualcomm Snapdragon 8 Gen 3,"5,550",6.81,"1,499",2024,0
Honor,Magic V2,231,12,16,50,Qualcomm Snapdragon 8 Gen 2,"5,000",7.92,"1,899",2024,0
Honor,90,183,12,50,200,Qualcomm Snapdragon 7 Gen 1,"5,000",6.7,599,2023,90
Honor,90 Pro,192,12,50,200,Qualcomm Snapdragon 8+ Gen 1,"5,000",6.78,699,2023,0
Honor,90 SE,175,8,32,64,MediaTek Dimensity 900,"4,600",6.67,399,2023,0
Honor,X60,185,6,8,108,Qualcomm Snapdragon 6 Gen 1,"5,800",6.78,299,2023,0
Honor,X60i,179,6,8,100,MediaTek Dimensity 6020,"4,500",6.7,249,2023,0
Honor,Play 9,191,4,5,13,MediaTek Helio G36,"5,000",6.52,149,2023,0
Honor,Play 9T,195,6,5,50,MediaTek Dimensity 6100+,"5,200",6.74,189,2023,0
Honor,Magic7,203,8,12,50,Qualcomm Snapdragon 8 Gen 3,"5,200",6.81,"1,099",2024,0
Honor,Magic7 Pro,219,12,12,50,Qualcomm Snapdragon 8 Gen 3,"5,500",6.81,"1,299",2024,0
Honor,Magic7 Ultimate,234,16,12,50,Qualcomm Snapdragon 8 Gen 3,"5,550",6.81,"1,499",2024,0
Honor,Magic V3,231,12,16,50,Qualcomm Snapdragon 8 Gen 2,"5,000",7.92,"1,899",2024,0
Honor,Pad 6,460,4,2,5,Qualcomm Snapdragon 662,"5,100",10.1,199,2020,0
Honor,Pad X6,460,3,2,5,MediaTek MT8768T,"5,100",9.7,159,2020,0
Honor,Pad 7,460,4,2,5,MediaTek Helio G80,"5,100",10.1,229,2021,0
Honor,Tablet V7,480,6,8,13,MediaTek Dimensity 800,"7,250",10.4,399,2021,0
Honor,Tablet V7 Pro,485,8,8,13,MediaTek Dimensity 1300T,"7,250",11,499,2021,0
Honor,Pad 8,520,6,5,5,Qualcomm Snapdragon 680,"7,250",12,299,2022,0
Honor,Pad X8,460,4,2,5,MediaTek Helio G80,"5,100",10.1,189,2022,0
Honor,Pad X8 Lite,450,3,2,5,MediaTek MT8786,"5,000",9.7,149,2022,0
Honor,Pad V8,510,6,5,13,MediaTek Dimensity 8020,"7,250",11,449,2023,0
Honor,Pad V8 Pro,530,8,8,13,MediaTek Dimensity 9000,"8,500",12.1,649,2023,0
Honor,Pad 9,550,8,8,13,Qualcomm Snapdragon 6 Gen 1,"8,300",12.1,399,2024,0
Honor,Pad 9 Pro,560,12,8,13,MediaTek Dimensity 8100,"9,000",12.6,499,2024,0
Honor,Pad X9,495,6,5,8,Qualcomm Snapdragon 685,"7,250",11.5,299,2023,0
Honor,Pad X8 Pro,460,4,2,5,MediaTek Helio G80,"5,100",10.1,189,2023,0
Honor,MagicPad 13,590,12,8,13,Qualcomm Snapdragon 8+ Gen 1,"10,000",13,799,2023,0
Honor,MagicPad 2,580,16,12,16,Qualcomm Snapdragon 8 Gen 2,"10,500",13.2,899,2024,0
Honor,Pad X8a,450,4,2,5,MediaTek MT8786,"5,000",9.7,149,2023,0
Honor,Pad X8a Kids Edition,460,3,2,5,MediaTek MT8786,"5,100",9.7,129,2023,0
Honor,Pad X9 Pro,505,8,8,13,Qualcomm Snapdragon 7s Gen 2,"8,000",11.6,399,2024,0
Honor,Pad V9,530,8,8,13,MediaTek Dimensity 9000,"8,500",12.1,649,2024,0
Honor,Pad GT Pro,610,12,12,16,Qualcomm Snapdragon 8 Gen 3,"10,500",13.5,999,2024,0
Honor,Pad X10,475,6,5,8,Qualcomm Snapdragon 685,"8,850",12.1,399,2024,0
Honor,Pad X10 Pro,485,8,8,13,Qualcomm Snapdragon 7s Gen 2,"9,000",12.6,499,2024,0
Honor,MagicPad 3,590,12,12,16,Qualcomm Snapdragon 8 Gen 3,"10,500",13,799,2024,0
Honor,Pad V10,530,8,8,13,MediaTek Dimensity 9000,"8,500",12.1,649,2024,0
POCO,F2 Pro 128GB,219,6,20,64,Snapdragon 865,4700,6.67,499,2020,128
POCO,M2 Pro 64GB,209,4,16,48,Snapdragon 720G,5000,6.67,199,2020,64
POCO,X3 NFC 128GB,215,6,20,64,Snapdragon 732G,5160,6.67,229,2020,128
POCO,M3 64GB,198,4,8,48,Snapdragon 662,6000,6.53,149,2020,64
POCO,F3 128GB,196,6,20,48,Snapdragon 870,4520,6.67,349,2021,128
POCO,X3 Pro 128GB,215,6,20,48,Snapdragon 860,5160,6.67,249,2021,128
POCO,M3 Pro 5G 64GB,190,4,8,48,MediaTek Dimensity 700,5000,6.5,199,2021,64
POCO,F3 GT 128GB,205,6,16,64,MediaTek Dimensity 1200,5065,6.67,399,2021,128
POCO,X3 GT 128GB,193,6,16,64,MediaTek Dimensity 1100,5000,6.6,279,2021,128
POCO,M4 Pro 5G 128GB,195,4,16,50,MediaTek Dimensity 810,5000,6.6,219,2021,128
POCO,F4 128GB,195,6,20,64,Snapdragon 870,4500,6.67,349,2022,128
POCO,F4 GT 128GB,210,8,20,64,Snapdragon 8 Gen 1,4700,6.67,499,2022,128
POCO,X4 Pro 5G 128GB,205,6,16,108,Snapdragon 695,5000,6.67,299,2022,128
POCO,M4 Pro 128GB,179,6,16,64,MediaTek Helio G96,5000,6.43,219,2022,128
POCO,M5 128GB,201,4,5,50,MediaTek Helio G99,5000,6.58,199,2022,128
POCO,M5s 128GB,178.8,4,13,64,MediaTek Helio G95,5000,6.43,229,2022,128
POCO,F5 128GB,181,6,16,64,Snapdragon 7+ Gen 2,5000,6.67,349,2023,128
POCO,F5 Pro 256GB,204,8,20,64,Snapdragon 8+ Gen 1,5160,6.67,499,2023,256
POCO,X5 128GB,189,6,13,48,Snapdragon 695,5000,6.67,279,2023,128
POCO,X5 Pro 128GB,181,6,16,108,Snapdragon 778G,5000,6.67,329,2023,128
POCO,M6 64GB,199,4,8,50,MediaTek Helio G88,5000,6.58,199,2023,64
POCO,M6 Pro 128GB,202,6,8,50,Snapdragon 4 Gen 1,5000,6.79,219,2023,128
POCO,X6 128GB,193,6,16,64,MediaTek Dimensity 8100,5000,6.67,349,2024,128
POCO,X6 Pro 256GB,205,8,20,108,MediaTek Dimensity 8300,5000,6.67,399,2024,256
POCO,F6 128GB,190,6,20,64,Snapdragon 8 Gen 2,5000,6.67,449,2024,128
POCO,F6 Pro 256GB,210,8,20,108,Snapdragon 8+ Gen 2,5160,6.67,549,2024,256
POCO,C65 64GB,190,4,5,50,MediaTek Helio G85,5000,6.5,149,2024,64
POCO,X7 128GB,195,6,16,64,MediaTek Dimensity 8200,5000,6.67,329,2025,128
POCO,X7 Pro 256GB,207,8,20,108,MediaTek Dimensity 8400,6000,6.67,399,2025,256
POCO,M7 5G 128GB,198,6,8,50,MediaTek Dimensity 7025,5110,6.67,229,2024,128
Poco,Pad 5G 128GB,571,8,8,8,Snapdragon 7s Gen 2,"10,000",12.1,280,2024,128
Poco,Pad 5G 256GB,571,8,8,8,Snapdragon 7s Gen 2,"10,000",12.1,300,2024,256
Samsung,Galaxy Z Fold6 256GB,239,12,10,50,Snapdragon 8 Gen 3,4400,7.6,"1,899",2024,256
Samsung,Galaxy Z Fold6 512GB,239,12,10,50,Snapdragon 8 Gen 3,4400,7.6,1719,2024,512
Samsung,Galaxy Z Fold6 1TB,239,12,10,50,Snapdragon 8 Gen 3,4400,7.6,"2,259",2024,1
